rhythm.beats_count,rhythm.bpm,rhythm.bpm_histogram_first_peak_bpm.mean,rhythm.bpm_histogram_first_peak_spread.mean,rhythm.bpm_histogram_first_peak_weight.mean,rhythm.bpm_histogram_second_peak_bpm.mean,rhythm.bpm_histogram_second_peak_spread.mean,rhythm.bpm_histogram_second_peak_weight.mean,rhythm.danceability,rhythm.onset_rate
0,0,0,0,0,0,0,0,1.124853492,2.936346054
0,0,0,0,0,0,0,0,1.187831402,2.936346054
0,0,0,0,0,0,0,0,1.842018962,3.915127993
0,0,0,0,0,0,0,0,2.445874214,4.893909931
0,0,0,0,0,0,0,0,1.662229419,3.915127993
0,0,0,0,0,0,0,0,2.311409712,4.893909931
0,0,0,0,0,0,0,0,2.961458921,4.893909931
0,0,0,0,0,0,0,0,3.423237324,5.872692108
0,0,0,0,0,0,0,0,2.901331186,6.851473808
0,0,0,0,0,0,0,0,2.403288364,5.872692108
0,0,0,0,0,0,0,0,2.519682407,6.851473808
2,129.1992188,129,0,1,0,0,0,1.63546586,6.851473808
0,0,0,0,0,0,0,0,1.540554166,5.872692108
0,0,0,0,0,0,0,0,1.433845043,4.893909931
0,0,0,0,0,0,0,0,1.300019145,4.893909931
0,0,0,0,0,0,0,0,1.203918815,4.893909931
0,0,0,0,0,0,0,0,1.445404291,4.893909931
0,0,0,0,0,0,0,0,2.943186045,3.915127993
0,0,0,0,0,0,0,0,4.215891361,2.936346054
0,0,0,0,0,0,0,0,2.649721384,3.915127993
0,0,0,0,0,0,0,0,3.326246977,2.936346054
2,129.1992188,129,0,1,0,0,0,9.117123604,4.893909931
0,0,0,0,0,0,0,0,9.396533966,3.915127993
0,0,0,0,0,0,0,0,1.999524474,3.915127993
0,0,0,0,0,0,0,0,1.072423935,4.893909931
0,0,0,0,0,0,0,0,0.905455112,3.915127993
0,0,0,0,0,0,0,0,0.879719913,4.893909931
0,0,0,0,0,0,0,0,0.98368305,4.893909931
0,0,0,0,0,0,0,0,1.054145098,4.893909931
0,0,0,0,0,0,0,0,1.486964345,5.872692108
0,0,0,0,0,0,0,0,2.597776413,4.893909931
2,123.046875,123,0,1,0,0,0,2.689262629,5.872692108
0,0,0,0,0,0,0,0,2.236358643,5.872692108
0,0,0,0,0,0,0,0,2.842560291,5.872692108
2,129.1992188,129,0,1,0,0,0,2.339483023,5.872692108
0,0,0,0,0,0,0,0,2.212400913,5.872692108
2,126.0480194,126,0,1,0,0,0,1.836076379,5.872692108
2,135.999176,136,0,1,0,0,0,1.726731777,5.872692108
0,0,0,0,0,0,0,0,1.544687867,5.872692108
2,126.0480194,126,0,1,0,0,0,2.365008831,5.872692108
0,0,0,0,0,0,0,0,3.71476078,5.872692108
0,0,0,0,0,0,0,0,3.122751951,5.872692108
2,129.1992188,129,0,1,0,0,0,3.250749826,5.872692108
0,0,0,0,0,0,0,0,6.662781239,6.851473808
0,0,0,0,0,0,0,0,4.796985149,6.851473808
0,0,0,0,0,0,0,0,4.476707935,6.851473808
0,0,0,0,0,0,0,0,3.765165567,6.851473808
0,0,0,0,0,0,0,0,3.483715057,6.851473808
0,0,0,0,0,0,0,0,2.814970016,6.851473808
0,0,0,0,0,0,0,0,4.12951231,6.851473808
0,0,0,0,0,0,0,0,3.912235737,6.851473808
0,0,0,0,0,0,0,0,2.89930892,6.851473808
0,0,0,0,0,0,0,0,3.097857475,6.851473808
0,0,0,0,0,0,0,0,6.599333286,6.851473808
0,0,0,0,0,0,0,0,4.97092247,6.851473808
0,0,0,0,0,0,0,0,5.22052002,6.851473808
0,0,0,0,0,0,0,0,3.131152153,6.851473808
2,129.1992188,129,0,1,0,0,0,3.561032772,6.851473808
0,0,0,0,0,0,0,0,3.429662704,6.851473808
2,123.046875,123,0,1,0,0,0,3.099822044,6.851473808
2,129.1992188,129,0,1,0,0,0,5.832348347,6.851473808
2,129.1992188,129,0,1,0,0,0,3.766090631,6.851473808
2,123.0468826,123,0,1,0,0,0,1.881309986,6.851473808
0,0,0,0,0,0,0,0,2.352987766,6.851473808
2,123.046875,123,0,1,0,0,0,2.337407827,6.851473808
2,129.1992188,129,0,1,0,0,0,2.486220598,6.851473808
0,0,0,0,0,0,0,0,2.582635403,6.851473808
2,129.1992188,129,0,1,0,0,0,2.743633032,6.851473808
0,0,0,0,0,0,0,0,2.685088873,5.872692108
0,0,0,0,0,0,0,0,3.311257839,5.872692108
2,129.1992188,129,0,1,0,0,0,5.197764874,5.872692108
2,126.0480194,126,0,1,0,0,0,3.490447521,5.872692108
2,135.999176,136,0,1,0,0,0,1.998740315,5.872692108
0,0,0,0,0,0,0,0,2.082408428,5.872692108
0,0,0,0,0,0,0,0,2.719442844,5.872692108
0,0,0,0,0,0,0,0,3.042375565,5.872692108
0,0,0,0,0,0,0,0,3.044438839,5.872692108
2,123.0468826,123,0,1,0,0,0,3.209605455,5.872692108
0,0,0,0,0,0,0,0,4.987169743,6.851473808
0,0,0,0,0,0,0,0,7.063853741,6.851473808
0,0,0,0,0,0,0,0,7.306866646,6.851473808
0,0,0,0,0,0,0,0,5.109622478,6.851473808
2,129.1992188,129,0,1,0,0,0,3.862691879,6.851473808
0,0,0,0,0,0,0,0,8.888230324,5.872692108
0,0,0,0,0,0,0,0,11.30443382,6.851473808
0,0,0,0,0,0,0,0,3.877663136,6.851473808
2,129.1992188,129,0,1,0,0,0,1.921895146,6.851473808
2,129.1992188,129,0,1,0,0,0,2.210080862,6.851473808
0,0,0,0,0,0,0,0,2.631958246,6.851473808
0,0,0,0,0,0,0,0,3.4174335,6.851473808
0,0,0,0,0,0,0,0,4.829369545,6.851473808
0,0,0,0,0,0,0,0,3.836814165,6.851473808
2,129.1992188,129,0,1,0,0,0,2.673619986,6.851473808
0,0,0,0,0,0,0,0,1.984608531,6.851473808
0,0,0,0,0,0,0,0,1.724892378,4.893909931
0,0,0,0,0,0,0,0,1.59155643,4.893909931
0,0,0,0,0,0,0,0,1.405000806,3.915127993
0,0,0,0,0,0,0,0,1.060612202,5.252000809
0,0,0,0,0,0,0,0,1.164062858,4.655827999
0,0,0,0,0,0,0,0,1.140173197,3.915127993
0,0,0,0,0,0,0,0,0.708824217,4.455145359
0,0,0,0,0,0,0,0,0.505614161,3.4453125
0,0,0,0,0,0,0,0,0.504229546,4.1015625
0,0,0,0,0,0,0,0,0,5.066636086
0,0,0,0,0,0,0,0,0,6.625600815
0,0,0,0,0,0,0,0,0,9.5703125
0,0,0,0,0,0,0,0,0,17.2265625
2,172.2656403,172,0,1,0,0,0,0.844786406,2.936346054
2,161.4990234,161,0,1,0,0,0,0.785368323,2.936346054
0,0,0,0,0,0,0,0,0.5459674,2.936346054
0,0,0,0,0,0,0,0,0.49435848,1.957563996
2,132.5120239,133,0,1,0,0,0,0.566909194,2.936346054
2,143.5546722,144,0,1,0,0,0,0.793866038,2.936346054
2,161.4990234,161,0,1,0,0,0,1.057134867,2.936346054
0,0,0,0,0,0,0,0,0.958956361,2.936346054
0,0,0,0,0,0,0,0,0.960740209,2.936346054
2,139.6748352,140,0,1,0,0,0,1.07619524,2.936346054
2,184.5703125,185,0,1,0,0,0,1.12391305,2.936346054
2,166.7086639,167,0,1,0,0,0,1.000827074,2.936346054
2,143.5546875,144,0,1,0,0,0,0.737501264,2.936346054
0,0,0,0,0,0,0,0,0.537412584,1.957563996
0,0,0,0,0,0,0,0,0.557124734,1.957563996
0,0,0,0,0,0,0,0,0.542554259,1.957563996
0,0,0,0,0,0,0,0,0.487524062,1.957563996
0,0,0,0,0,0,0,0,0.47216782,1.957563996
0,0,0,0,0,0,0,0,0.474585712,1.957563996
2,147.65625,148,0,1,0,0,0,0.484168679,2.936346054
2,166.7086639,167,0,1,0,0,0,0.495684594,3.915127993
0,0,0,0,0,0,0,0,0.506288648,3.915127993
0,0,0,0,0,0,0,0,0.514638245,3.915127993
2,126.0480118,126,0,1,0,0,0,0.570658922,4.893909931
3,191.40625,191,0,0.5,199,0,0.5,1.00131917,5.872692108
0,0,0,0,0,0,0,0,0.854328156,6.851473808
0,0,0,0,0,0,0,0,0.679742396,6.851473808
2,184.5703125,185,0,1,0,0,0,0.591899097,6.851473808
0,0,0,0,0,0,0,0,0.568965316,5.872692108
0,0,0,0,0,0,0,0,0.595124662,4.893909931
0,0,0,0,0,0,0,0,0.677650273,3.915127993
0,0,0,0,0,0,0,0,0.870738745,2.936346054
2,147.6562653,148,0,1,0,0,0,0.887381315,3.915127993
0,0,0,0,0,0,0,0,0.543282628,2.936346054
0,0,0,0,0,0,0,0,0.476733953,1.957563996
0,0,0,0,0,0,0,0,0.505385637,1.957563996
2,147.65625,148,0,1,0,0,0,0.587561488,2.936346054
2,166.7086639,167,0,1,0,0,0,0.761297166,2.936346054
0,0,0,0,0,0,0,0,1.028585076,2.936346054
0,0,0,0,0,0,0,0,0.920550346,2.936346054
2,139.6748352,140,0,1,0,0,0,0.79350704,2.936346054
2,166.7086639,167,0,1,0,0,0,0.867090762,2.936346054
0,0,0,0,0,0,0,0,1.130622149,2.936346054
0,0,0,0,0,0,0,0,0.905838132,2.936346054
0,0,0,0,0,0,0,0,0.630040228,2.936346054
0,0,0,0,0,0,0,0,0.541603625,0.978781998
0,0,0,0,0,0,0,0,0.49799943,1.957563996
0,0,0,0,0,0,0,0,0.473204464,1.957563996
0,0,0,0,0,0,0,0,0.482434124,0.978781998
0,0,0,0,0,0,0,0,0.498505294,1.957563996
2,178.2058258,178,0,1,0,0,0,0.519724131,0.978781998
0,0,0,0,0,0,0,0,0.540517032,0.978781998
0,0,0,0,0,0,0,0,0.5565449,0.978781998
2,123.046875,123,0,1,0,0,0,0.582997382,1.957563996
2,129.1992188,129,0,1,0,0,0,1.091484308,2.936346054
2,132.5120239,133,0,1,0,0,0,0.839523196,3.915127993
2,147.65625,148,0,1,0,0,0,0.665402949,3.915127993
0,0,0,0,0,0,0,0,0.60825628,4.893909931
2,184.5703125,185,0,1,0,0,0,0.620367527,3.915127993
0,0,0,0,0,0,0,0,0.663576663,4.893909931
2,143.5546875,144,0,1,0,0,0,0.777056873,3.915127993
2,184.570343,185,0,1,0,0,0,1.001723886,4.893909931
2,161.4990234,161,0,1,0,0,0,0.833680332,4.893909931
2,143.5546875,144,0,1,0,0,0,0.552064717,3.915127993
0,0,0,0,0,0,0,0,0.53219831,1.957563996
2,123.046875,123,0,1,0,0,0,0.506108463,2.936346054
2,132.5120239,133,0,1,0,0,0,0.609830797,2.936346054
2,147.6562653,148,0,1,0,0,0,0.875558257,2.936346054
0,0,0,0,0,0,0,0,1.113426805,3.915127993
0,0,0,0,0,0,0,0,1.280304909,3.915127993
0,0,0,0,0,0,0,0,1.299288034,3.915127993
2,147.65625,148,0,1,0,0,0,1.155146718,3.915127993
2,191.40625,191,0,1,0,0,0,0.925104082,2.936346054
2,156.6051178,157,0,1,0,0,0,0.755655587,2.936346054
2,139.6748352,140,0,1,0,0,0,0.594321728,1.957563996
0,0,0,0,0,0,0,0,0.540210307,0.978781998
0,0,0,0,0,0,0,0,0.563781619,0.978781998
0,0,0,0,0,0,0,0,0.57957226,1.957563996
0,0,0,0,0,0,0,0,0.599502087,0.978781998
0,0,0,0,0,0,0,0,0.621866703,0.978781998
2,139.6748352,140,0,1,0,0,0,0.68021512,1.957563996
0,0,0,0,0,0,0,0,0.730875909,1.957563996
0,0,0,0,0,0,0,0,0.794618487,0.978781998
0,0,0,0,0,0,0,0,0.825582623,0.978781998
2,123.046875,123,0,1,0,0,0,1.143216729,1.957563996
2,120.1853256,120,0,1,0,0,0,0.906178534,2.936346054
2,139.6748352,140,0,1,0,0,0,0.71001631,2.936346054
2,151.9990845,152,0,1,0,0,0,0.595861554,2.936346054
0,0,0,0,0,0,0,0,0.559822619,3.915127993
0,0,0,0,0,0,0,0,0.577101231,4.893909931
0,0,0,0,0,0,0,0,0.632005274,3.915127993
0,0,0,0,0,0,0,0,0.76644367,4.893909931
0,0,0,0,0,0,0,0,0.960417449,3.915127993
0,0,0,0,0,0,0,0,0.688750029,3.915127993
2,139.6748352,140,0,1,0,0,0,0.504463196,3.915127993
0,0,0,0,0,0,0,0,0.503890991,1.957563996
0,0,0,0,0,0,0,0,0.517539084,0.978781998
0,0,0,0,0,0,0,0,0.512241602,2.100800276
0,0,0,0,0,0,0,0,0.4923985,3.49187088
0,0,0,0,0,0,0,0,0.475425869,2.610085249
0,0,0,0,0,0,0,0,0.477121294,4.455145359
0,0,0,0,0,0,0,0,0.469981372,3.4453125
0,0,0,0,0,0,0,0,0.460793436,6.15234375
0,0,0,0,0,0,0,0,0,7.599953651
0,0,0,0,0,0,0,0,0,9.938401222
0,0,0,0,0,0,0,0,0,9.5703125
0,0,0,0,0,0,0,0,0,8.61328125
2,156.6051178,157,0,1,0,0,0,0.872937739,2.936346054
0,0,0,0,0,0,0,0,0.765588284,2.936346054
0,0,0,0,0,0,0,0,0.667582452,1.957563996
2,123.046875,123,0,1,0,0,0,0.620666146,3.915127993
2,151.9990845,152,0,1,0,0,0,0.634295225,2.936346054
0,0,0,0,0,0,0,0,0.77420342,2.936346054
0,0,0,0,0,0,0,0,1.153090715,4.893909931
0,0,0,0,0,0,0,0,1.120921731,4.893909931
0,0,0,0,0,0,0,0,0.903503478,3.915127993
3,191.40625,191,0,0.5,207,0,0.5,0.915125847,3.915127993
0,0,0,0,0,0,0,0,1.010135174,2.936346054
2,147.65625,148,0,1,0,0,0,1.049979568,2.936346054
2,178.2058258,178,0,1,0,0,0,0.938538551,3.915127993
0,0,0,0,0,0,0,0,0.913068354,2.936346054
0,0,0,0,0,0,0,0,0.802616119,3.915127993
0,0,0,0,0,0,0,0,0.79554522,2.936346054
0,0,0,0,0,0,0,0,1.083030701,1.957563996
0,0,0,0,0,0,0,0,1.495506167,1.957563996
2,143.5546875,144,0,1,0,0,0,1.082622766,2.936346054
2,184.5703125,185,0,1,0,0,0,0.818193793,1.957563996
0,0,0,0,0,0,0,0,0.69397378,2.936346054
0,0,0,0,0,0,0,0,0.566414058,3.915127993
0,0,0,0,0,0,0,0,0.53819263,1.957563996
0,0,0,0,0,0,0,0,0.574276924,2.936346054
0,0,0,0,0,0,0,0,0.619202375,1.957563996
2,139.6748352,140,0,1,0,0,0,0.688172877,2.936346054
2,184.5703125,185,0,1,0,0,0,0.727961719,2.936346054
0,0,0,0,0,0,0,0,0.874157429,2.936346054
2,198.7680359,199,0,1,0,0,0,1.030434966,1.957563996
2,191.40625,191,0,1,0,0,0,1.300223947,1.957563996
2,123.046875,123,0,1,0,0,0,1.156007648,1.957563996
2,139.6748352,140,0,1,0,0,0,1.170038223,2.936346054
2,161.4990234,161,0,1,0,0,0,1.201403975,2.936346054
3,178.2058258,178,0,0.5,185,0,0.5,1.013780236,2.936346054
0,0,0,0,0,0,0,0,0.843680084,2.936346054
2,120.1853256,120,0,1,0,0,0,0.68291676,2.936346054
2,161.4990234,161,0,1,0,0,0,0.60531801,2.936346054
2,123.046875,123,0,1,0,0,0,0.561576903,1.957563996
2,172.2656403,172,0,1,0,0,0,0.590718865,1.957563996
2,123.046875,123,0,1,0,0,0,0.81560123,2.936346054
2,135.999176,136,0,1,0,0,0,1.006656766,2.936346054
2,151.9990845,152,0,1,0,0,0,1.396372318,2.936346054
2,178.2058258,178,0,1,0,0,0,1.820420504,2.936346054
0,0,0,0,0,0,0,0,2.218503237,2.936346054
2,123.046875,123,0,1,0,0,0,2.27641058,2.936346054
2,151.9990845,152,0,1,0,0,0,2.123004436,2.936346054
0,0,0,0,0,0,0,0,1.599087596,2.936346054
0,0,0,0,0,0,0,0,1.382527947,3.915127993
0,0,0,0,0,0,0,0,1.144304872,3.915127993
3,178.2058258,178,0,0.5,191,0,0.5,0.882543802,2.936346054
0,0,0,0,0,0,0,0,0.755155742,2.936346054
2,123.046875,123,0,1,0,0,0,0.710632265,1.957563996
2,161.4990234,161,0,1,0,0,0,0.741907895,2.936346054
0,0,0,0,0,0,0,0,0.896267474,2.936346054
2,166.7086639,167,0,1,0,0,0,1.272963166,2.936346054
2,139.6748352,140,0,1,0,0,0,2.116121292,3.915127993
2,156.6051178,157,0,1,0,0,0,2.011483908,2.936346054
2,178.2058258,178,0,1,0,0,0,1.871330738,2.936346054
0,0,0,0,0,0,0,0,1.928641081,2.936346054
0,0,0,0,0,0,0,0,1.220248103,2.936346054
2,166.7086639,167,0,1,0,0,0,0.833721638,2.936346054
2,172.265625,172,0,1,0,0,0,0.676026762,2.936346054
0,0,0,0,0,0,0,0,0.601433814,3.915127993
2,166.7086639,167,0,1,0,0,0,0.553364813,3.915127993
2,166.7086639,167,0,1,0,0,0,0.579026878,2.936346054
0,0,0,0,0,0,0,0,0.705158532,2.936346054
0,0,0,0,0,0,0,0,0.98301053,2.936346054
0,0,0,0,0,0,0,0,1.326297402,2.936346054
2,166.7086639,167,0,1,0,0,0,1.022899985,2.936346054
0,0,0,0,0,0,0,0,0.731633246,2.936346054
0,0,0,0,0,0,0,0,0.585131884,1.957563996
2,135.999176,136,0,1,0,0,0,0.502587795,2.936346054
2,151.9990845,152,0,1,0,0,0,0.493500769,0.978781998
0,0,0,0,0,0,0,0,0.484365672,1.957563996
2,139.6748352,140,0,1,0,0,0,0.584024012,1.957563996
2,151.9990845,152,0,1,0,0,0,0.757553816,1.957563996
0,0,0,0,0,0,0,0,1.068668723,1.957563996
0,0,0,0,0,0,0,0,1.476374388,2.936346054
0,0,0,0,0,0,0,0,1.789688587,2.936346054
2,147.6562653,148,0,1,0,0,0,1.718158603,2.936346054
2,191.40625,191,0,1,0,0,0,1.724211812,1.957563996
0,0,0,0,0,0,0,0,1.590725064,1.957563996
0,0,0,0,0,0,0,0,1.233795762,2.936346054
0,0,0,0,0,0,0,0,1.147544265,0.978781998
0,0,0,0,0,0,0,0,0.903634369,1.957563996
0,0,0,0,0,0,0,0,0.991011024,0.978781998
2,143.5546875,144,0,1,0,0,0,0.988895893,0.978781998
2,184.5703125,185,0,1,0,0,0,0.841529548,1.957563996
2,161.4990234,161,0,1,0,0,0,0.75448966,0.978781998
2,178.2058258,178,0,1,0,0,0,0.84611845,1.957563996
0,0,0,0,0,0,0,0,1.17580092,0.978781998
0,0,0,0,0,0,0,0,2.058788061,0.978781998
2,123.046875,123,0,1,0,0,0,1.997651696,1.957563996
2,147.6562653,148,0,1,0,0,0,1.237824559,1.957563996
2,191.40625,191,0,1,0,0,0,0.794546008,0.978781998
0,0,0,0,0,0,0,0,0.622326195,1.957563996
0,0,0,0,0,0,0,0,0.526717365,1.957563996
0,0,0,0,0,0,0,0,0.498280734,2.100800276
2,161.4990234,161,0,1,0,0,0,0.490325719,2.327914
0,0,0,0,0,0,0,0,0.493043303,2.610085249
0,0,0,0,0,0,0,0,0.502926648,2.970096827
0,0,0,0,0,0,0,0,0.531114161,3.4453125
0,0,0,0,0,0,0,0,0.503446996,4.1015625
0,0,0,0,0,0,0,0,0,5.066636086
0,0,0,0,0,0,0,0,0,6.625600815
0,0,0,0,0,0,0,0,0,9.5703125
0,0,0,0,0,0,0,0,0,17.2265625
2,156.6051178,157,0,1,0,0,0,0.635764897,1.957563996
2,172.2656097,172,0,1,0,0,0,0.841799021,1.957563996
2,191.40625,191,0,1,0,0,0,1.31990695,1.957563996
0,0,0,0,0,0,0,0,1.770304799,1.957563996
2,139.6748352,140,0,1,0,0,0,1.744370699,1.957563996
2,178.2058258,178,0,1,0,0,0,1.636181116,1.957563996
2,172.265625,172,0,1,0,0,0,1.16371274,1.957563996
0,0,0,0,0,0,0,0,0.806141078,2.936346054
2,126.0480194,126,0,1,0,0,0,0.675474107,1.957563996
2,135.999176,136,0,1,0,0,0,0.732817411,1.957563996
0,0,0,0,0,0,0,0,0.874553859,1.957563996
0,0,0,0,0,0,0,0,0.940817654,1.957563996
3,198.7680359,199,0,0.5,207,0,0.5,0.977530658,1.957563996
2,151.9990845,152,0,1,0,0,0,0.879520893,1.957563996
2,172.265625,172,0,1,0,0,0,0.73012507,1.957563996
2,191.40625,191,0,1,0,0,0,0.791854203,1.957563996
2,178.2058258,178,0,1,0,0,0,1.053739309,2.936346054
0,0,0,0,0,0,0,0,1.140803456,1.957563996
2,151.9990845,152,0,1,0,0,0,1.341580033,1.957563996
2,161.4990234,161,0,1,0,0,0,1.267555833,1.957563996
0,0,0,0,0,0,0,0,1.157268882,1.957563996
0,0,0,0,0,0,0,0,1.253288031,1.957563996
2,151.9990845,152,0,1,0,0,0,1.049688816,1.957563996
2,166.7086639,167,0,1,0,0,0,0.771030128,2.936346054
0,0,0,0,0,0,0,0,0.618503213,2.936346054
2,156.6051178,157,0,1,0,0,0,0.5351547,3.915127993
2,123.046875,123,0,1,0,0,0,0.500477433,2.936346054
3,191.4062653,191,0,0.5,199,0,0.5,0.626550078,2.936346054
2,147.6562653,148,0,1,0,0,0,0.837288618,2.936346054
2,166.7086487,167,0,1,0,0,0,0.712762535,2.936346054
0,0,0,0,0,0,0,0,0.582402587,2.936346054
0,0,0,0,0,0,0,0,0.530130029,1.957563996
2,156.6051331,157,0,1,0,0,0,0.529397607,1.957563996
2,147.65625,148,0,1,0,0,0,0.57415247,1.957563996
2,139.6748352,140,0,1,0,0,0,0.693320632,1.957563996
2,147.65625,148,0,1,0,0,0,0.927300513,1.957563996
2,143.5546875,144,0,1,0,0,0,0.854505956,1.957563996
0,0,0,0,0,0,0,0,0.774231851,1.957563996
2,178.2058258,178,0,1,0,0,0,0.837272763,1.957563996
0,0,0,0,0,0,0,0,0.975137889,1.957563996
0,0,0,0,0,0,0,0,1.133973002,1.957563996
2,156.6051178,157,0,1,0,0,0,0.939211071,1.957563996
0,0,0,0,0,0,0,0,0.6973387,1.957563996
0,0,0,0,0,0,0,0,0.590975165,2.936346054
2,123.046875,123,0,1,0,0,0,0.542302907,1.957563996
2,129.1992188,129,0,1,0,0,0,0.552142084,1.957563996
2,143.5546722,144,0,1,0,0,0,0.655626357,1.957563996
2,161.4990234,161,0,1,0,0,0,0.788153827,1.957563996
2,184.5703125,185,0,1,0,0,0,0.737074673,1.957563996
0,0,0,0,0,0,0,0,0.622857749,1.957563996
2,135.999176,136,0,1,0,0,0,0.582780659,1.957563996
2,184.570343,185,0,1,0,0,0,0.621252418,1.957563996
2,172.2656403,172,0,1,0,0,0,0.768159211,1.957563996
2,156.6051178,157,0,1,0,0,0,1.08589983,1.957563996
2,151.9990845,152,0,1,0,0,0,1.714348078,1.957563996
2,135.999176,136,0,1,0,0,0,1.510604978,1.957563996
0,0,0,0,0,0,0,0,1.68254745,1.957563996
0,0,0,0,0,0,0,0,1.639793038,1.957563996
0,0,0,0,0,0,0,0,1.350692391,1.957563996
2,166.7086639,167,0,1,0,0,0,0.990722418,1.957563996
2,143.5546875,144,0,1,0,0,0,0.721087098,1.957563996
2,191.40625,191,0,1,0,0,0,0.592734098,2.936346054
2,126.0480194,126,0,1,0,0,0,0.538531065,2.936346054
2,129.1992188,129,0,1,0,0,0,0.674135923,1.957563996
2,123.046875,123,0,1,0,0,0,0.899621308,1.957563996
0,0,0,0,0,0,0,0,0.720684946,1.957563996
2,126.0480118,126,0,1,0,0,0,0.591143548,1.957563996
0,0,0,0,0,0,0,0,0.535593867,1.957563996
2,161.4990234,161,0,1,0,0,0,0.53059864,1.957563996
2,184.5703125,185,0,1,0,0,0,0.574597955,1.957563996
2,172.265625,172,0,1,0,0,0,0.699750125,1.957563996
2,172.265625,172,0,1,0,0,0,0.943510354,0.978781998
2,139.6748352,140,0,1,0,0,0,0.984063864,0.978781998
2,156.6051178,157,0,1,0,0,0,0.754502833,0.978781998
2,172.2656403,172,0,1,0,0,0,0.866056979,0.978781998
2,191.40625,191,0,1,0,0,0,1.40962851,0.978781998
0,0,0,0,0,0,0,0,3.302078247,0.978781998
2,147.6562653,148,0,1,0,0,0,2.241792202,0.978781998
2,178.2058258,178,0,1,0,0,0,1.029142022,0.978781998
2,147.6562653,148,0,1,0,0,0,0.715457737,1.957563996
0,0,0,0,0,0,0,0,0.613871992,1.957563996
2,132.5120239,133,0,1,0,0,0,0.599007428,1.957563996
2,147.6562653,148,0,1,0,0,0,0.649318874,1.957563996
2,129.1992188,129,0,1,0,0,0,0.70747292,1.957563996
0,0,0,0,0,0,0,0,0.846158862,1.957563996
0,0,0,0,0,0,0,0,0.793200433,1.957563996
2,147.65625,148,0,1,0,0,0,0.654580891,1.957563996
0,0,0,0,0,0,0,0,0.716211319,1.957563996
2,135.999176,136,0,1,0,0,0,0.922368646,1.957563996
2,147.6562653,148,0,1,0,0,0,1.068131685,1.957563996
2,143.5546722,144,0,1,0,0,0,0.946814418,1.957563996
2,161.4990234,161,0,1,0,0,0,1.03552866,1.957563996
2,147.65625,148,0,1,0,0,0,1.207526684,1.957563996
0,0,0,0,0,0,0,0,1.529909372,1.957563996
2,139.6748352,140,0,1,0,0,0,1.097821236,1.957563996
0,0,0,0,0,0,0,0,0.750239551,1.957563996
2,139.6748352,140,0,1,0,0,0,0.613733828,1.957563996
0,0,0,0,0,0,0,0,0.549402297,2.100800276
0,0,0,0,0,0,0,0,0.49636969,2.327914
0,0,0,0,0,0,0,0,0.485667706,1.305042624
0,0,0,0,0,0,0,0,0.476523966,1.485048413
0,0,0,0,0,0,0,0,0.472349077,1.72265625
0,0,0,0,0,0,0,0,0.475737929,2.05078125
0,0,0,0,0,0,0,0,0,5.066636086
0,0,0,0,0,0,0,0,0,6.625600815
0,0,0,0,0,0,0,0,0,4.78515625
0,0,0,0,0,0,0,0,0,8.61328125
0,0,0,0,0,0,0,0,0.828683078,0.978781998
3,184.5703125,185,0,1,0,0,0,1.236750007,0.978781998
0,0,0,0,0,0,0,0,1.013983965,1.957563996
2,120.1853256,120,0,1,0,0,0,0.794187844,1.957563996
2,156.6051178,157,0,1,0,0,0,0.706077099,1.957563996
3,178.2058258,178,0,0.5,185,0,0.5,0.601193964,1.957563996
2,143.5546722,144,0,1,0,0,0,0.58179158,1.957563996
2,161.4990234,161,0,1,0,0,0,0.549861372,1.957563996
2,161.4990234,161,0,1,0,0,0,0.522904098,1.957563996
0,0,0,0,0,0,0,0,0.515739977,2.936346054
2,135.999176,136,0,1,0,0,0,0.530527949,1.957563996
2,135.999176,136,0,1,0,0,0,0.587988973,1.957563996
0,0,0,0,0,0,0,0,0.740434468,0.978781998
0,0,0,0,0,0,0,0,0.858905971,0.978781998
0,0,0,0,0,0,0,0,0.69571352,0.978781998
2,156.6051178,157,0,1,0,0,0,0.570351601,0.978781998
2,143.5546875,144,0,1,0,0,0,0.521171272,0.978781998
3,184.5703125,185,0,1,0,0,0,0.533579111,1.957563996
2,135.999176,136,0,1,0,0,0,0.57299155,3.915127993
2,147.6562653,148,0,1,0,0,0,0.782093704,1.957563996
0,0,0,0,0,0,0,0,1.07081008,1.957563996
0,0,0,0,0,0,0,0,1.517288685,1.957563996
0,0,0,0,0,0,0,0,1.457100391,1.957563996
2,135.999176,136,0,1,0,0,0,1.404204845,2.936346054
0,0,0,0,0,0,0,0,1.390489221,2.936346054
2,139.6748352,140,0,1,0,0,0,1.358661294,2.936346054
0,0,0,0,0,0,0,0,1.251984596,2.936346054
0,0,0,0,0,0,0,0,1.24541831,1.957563996
2,151.9990845,152,0,1,0,0,0,1.158096671,2.936346054
2,184.5703125,185,0,1,0,0,0,0.797656357,1.957563996
0,0,0,0,0,0,0,0,0.95208323,1.957563996
2,139.6748352,140,0,1,0,0,0,1.410830855,1.957563996
0,0,0,0,0,0,0,0,1.203339577,0.978781998
0,0,0,0,0,0,0,0,0.815633774,0.978781998
3,206.71875,207,0,1,0,0,0,0.670043766,0.978781998
0,0,0,0,0,0,0,0,0.642485201,1.957563996
0,0,0,0,0,0,0,0,0.667095661,0.978781998
2,147.65625,148,0,1,0,0,0,0.730192363,0.978781998
2,184.5703125,185,0,1,0,0,0,0.96219629,1.957563996
0,0,0,0,0,0,0,0,0.908711076,0.978781998
0,0,0,0,0,0,0,0,0.745486498,0.978781998
0,0,0,0,0,0,0,0,0.827176511,0.978781998
3,178.2058105,178,0,0.5,185,0,0.5,0.855025291,0.978781998
0,0,0,0,0,0,0,0,0.766682208,1.957563996
2,123.046875,123,0,1,0,0,0,0.914700329,2.936346054
0,0,0,0,0,0,0,0,0.917321622,2.936346054
3,184.5703125,185,0,1,0,0,0,0.696576118,2.936346054
2,123.046875,123,0,1,0,0,0,0.575662553,2.936346054
3,178.2058258,178,0,0.5,185,0,0.5,0.515041947,2.936346054
2,123.046875,123,0,1,0,0,0,0.482937515,2.936346054
2,156.6051178,157,0,1,0,0,0,0.487409621,3.915127993
2,166.7086639,167,0,1,0,0,0,0.534720778,2.936346054
0,0,0,0,0,0,0,0,0.669399261,1.957563996
0,0,0,0,0,0,0,0,0.797798812,1.957563996
2,143.5546875,144,0,1,0,0,0,0.636424541,0.978781998
0,0,0,0,0,0,0,0,0.528981984,0.978781998
0,0,0,0,0,0,0,0,0.50433743,0.978781998
0,0,0,0,0,0,0,0,0.514781535,0.978781998
0,0,0,0,0,0,0,0,0.563827395,0.978781998
2,161.4990234,161,0,1,0,0,0,0.662070453,0.978781998
2,151.9990845,152,0,1,0,0,0,0.795596898,0.978781998
2,172.2656403,172,0,1,0,0,0,0.780542374,0.978781998
0,0,0,0,0,0,0,0,0.652164221,0.978781998
0,0,0,0,0,0,0,0,0.60828954,0.978781998
2,156.6051178,157,0,1,0,0,0,0.606918931,0.978781998
2,178.2058258,178,0,1,0,0,0,0.632252336,0.978781998
2,166.7086487,167,0,1,0,0,0,0.691532016,0.978781998
0,0,0,0,0,0,0,0,0.880132318,0.978781998
0,0,0,0,0,0,0,0,1.113651991,0.978781998
2,147.65625,148,0,1,0,0,0,0.817847908,0.978781998
2,184.5703125,185,0,1,0,0,0,0.699022651,0.978781998
2,161.4990234,161,0,1,0,0,0,0.69469142,2.936346054
0,0,0,0,0,0,0,0,0.723330736,0.978781998
2,139.6748352,140,0,1,0,0,0,0.873937249,1.957563996
2,178.2058258,178,0,1,0,0,0,1.273365378,0.978781998
0,0,0,0,0,0,0,0,0.884832978,0.978781998
0,0,0,0,0,0,0,0,0.636018693,0.978781998
2,156.6051178,157,0,1,0,0,0,0.563818693,0.978781998
0,0,0,0,0,0,0,0,0.526026547,0.978781998
2,143.5546875,144,0,1,0,0,0,0.513018906,0.978781998
2,184.5703125,185,0,1,0,0,0,0.515496314,0.978781998
2,156.6051178,157,0,1,0,0,0,0.54306674,0.978781998
2,139.6748352,140,0,1,0,0,0,0.587085187,0.978781998
2,172.265625,172,0,1,0,0,0,0.598261058,0.978781998
2,123.046875,123,0,1,0,0,0,0.66846931,1.957563996
2,123.046875,123,0,1,0,0,0,0.929635525,0.978781998
2,123.046875,123,0,1,0,0,0,0.726013422,1.957563996
2,120.1853256,120,0,1,0,0,0,0.593660355,1.957563996
2,123.046875,123,0,1,0,0,0,0.526578784,1.957563996
2,120.1853256,120,0,1,0,0,0,0.512764633,1.957563996
3,178.2058258,178,0,0.5,185,0,0.5,0.510637164,0.978781998
2,139.6748352,140,0,1,0,0,0,0.575389981,0.978781998
2,120.1853256,120,0,1,0,0,0,0.742438436,0.978781998
0,0,0,0,0,0,0,0,0.957458913,0.978781998
0,0,0,0,0,0,0,0,0.929119647,0.978781998
2,123.046875,123,0,1,0,0,0,0.765000522,0.978781998
2,123.046875,123,0,1,0,0,0,0.678978741,0.978781998
0,0,0,0,0,0,0,0,0.665080845,2.100800276
0,0,0,0,0,0,0,0,0.743700922,2.327914
0,0,0,0,0,0,0,0,0.688563704,2.610085249
0,0,0,0,0,0,0,0,1.048374057,2.970096827
0,0,0,0,0,0,0,0,0.801032841,3.4453125
0,0,0,0,0,0,0,0,0.574074984,4.1015625
0,0,0,0,0,0,0,0,0,5.066636086
0,0,0,0,0,0,0,0,0,6.625600815
0,0,0,0,0,0,0,0,0,9.5703125
0,0,0,0,0,0,0,0,0,8.61328125
2,166.7086639,167,0,1,0,0,0,1.505212426,4.893909931
2,156.6051178,157,0,1,0,0,0,0.920630991,5.872692108
2,166.7086487,167,0,1,0,0,0,0.790414572,5.872692108
2,156.6051178,157,0,1,0,0,0,0.714155793,6.851473808
2,172.2656403,172,0,1,0,0,0,0.7590819,5.872692108
2,161.4990234,161,0,1,0,0,0,0.862947226,5.872692108
2,172.2656403,172,0,1,0,0,0,1.283268571,6.851473808
2,161.4990234,161,0,1,0,0,0,1.516067147,5.872692108
2,166.7086792,167,0,1,0,0,0,1.389597297,5.872692108
2,166.7086639,167,0,1,0,0,0,1.507281661,5.872692108
2,172.2656403,172,0,1,0,0,0,2.554667234,6.851473808
2,161.4990234,161,0,1,0,0,0,3.139127493,5.872692108
2,178.2058258,178,0,1,0,0,0,1.592195749,6.851473808
2,166.7086639,167,0,1,0,0,0,1.221639872,5.872692108
3,172.265625,172,0,0.5,178,0,0.5,1.092251301,6.851473808
2,172.265625,172,0,1,0,0,0,1.342397094,5.872692108
2,156.6051331,157,0,1,0,0,0,1.508295894,5.872692108
0,0,0,0,0,0,0,0,1.117912531,5.872692108
0,0,0,0,0,0,0,0,0.865793765,6.851473808
2,166.7086487,167,0,1,0,0,0,0.691008925,5.872692108
2,172.265625,172,0,1,0,0,0,0.68021369,6.851473808
0,0,0,0,0,0,0,0,0.811338484,5.872692108
2,156.6051178,157,0,1,0,0,0,1.097937346,5.872692108
2,172.2656403,172,0,1,0,0,0,1.127612948,6.851473808
2,161.4990234,161,0,1,0,0,0,0.923281908,5.872692108
0,0,0,0,0,0,0,0,0.836368859,6.851473808
2,172.265625,172,0,1,0,0,0,0.819799542,5.872692108
2,178.2058258,178,0,1,0,0,0,0.934552193,6.851473808
2,172.265625,172,0,1,0,0,0,1.529565334,5.872692108
2,184.5703125,185,0,1,0,0,0,3.765738487,6.851473808
2,172.265625,172,0,1,0,0,0,4.609699249,5.872692108
3,172.265625,172,0,0.5,185,0,0.5,3.45156765,6.851473808
2,172.265625,172,0,1,0,0,0,2.247957945,5.872692108
2,161.4990234,161,0,1,0,0,0,2.418031216,5.872692108
0,0,0,0,0,0,0,0,2.78477478,6.851473808
2,191.4062347,191,0,1,0,0,0,2.211385965,5.872692108
2,172.2656403,172,0,1,0,0,0,2.360561609,6.851473808
2,184.5702972,185,0,1,0,0,0,2.394446373,5.872692108
0,0,0,0,0,0,0,0,1.773492932,6.851473808
0,0,0,0,0,0,0,0,1.437371731,5.872692108
0,0,0,0,0,0,0,0,1.309136629,6.851473808
0,0,0,0,0,0,0,0,1.241124749,5.872692108
0,0,0,0,0,0,0,0,1.363828659,6.851473808
2,184.570343,185,0,1,0,0,0,1.713498235,5.872692108
2,184.5702972,185,0,1,0,0,0,1.189334989,5.872692108
2,178.2058258,178,0,1,0,0,0,0.753169358,6.851473808
2,161.4990234,161,0,1,0,0,0,0.554050446,5.872692108
0,0,0,0,0,0,0,0,0.521549463,6.851473808
2,172.265625,172,0,1,0,0,0,0.568664074,6.851473808
2,184.5703125,185,0,1,0,0,0,0.731211483,6.851473808
2,172.265625,172,0,1,0,0,0,0.980849683,5.872692108
3,178.2058258,178,0,0.5,185,0,0.5,1.342065096,6.851473808
2,172.265625,172,0,1,0,0,0,1.156175733,5.872692108
3,178.2058105,178,0,0.5,185,0,0.5,1.06284523,6.851473808
2,178.2058258,178,0,1,0,0,0,1.151687145,5.872692108
2,161.4990234,161,0,1,0,0,0,1.8233459,5.872692108
2,172.2656403,172,0,1,0,0,0,3.229269505,6.851473808
2,161.4990234,161,0,1,0,0,0,3.496900082,5.872692108
3,172.2656403,172,0,0.5,185,0,0.5,1.814264417,6.851473808
2,172.265625,172,0,1,0,0,0,1.940962076,5.872692108
2,184.5703125,185,0,1,0,0,0,1.562734842,6.851473808
2,172.265625,172,0,1,0,0,0,1.229356885,5.872692108
2,184.5702972,185,0,1,0,0,0,1.185023665,6.851473808
2,166.7086487,167,0,1,0,0,0,1.07829082,5.872692108
2,166.7086639,167,0,1,0,0,0,1.190595865,6.851473808
0,0,0,0,0,0,0,0,1.565165639,5.872692108
2,156.6051178,157,0,1,0,0,0,2.108580112,5.872692108
2,178.2058258,178,0,1,0,0,0,1.068872809,6.851473808
2,161.4990234,161,0,1,0,0,0,0.885097206,5.872692108
0,0,0,0,0,0,0,0,0.909281492,6.851473808
2,172.265625,172,0,1,0,0,0,0.981237352,5.872692108
2,184.5703125,185,0,1,0,0,0,1.090651393,6.851473808
2,172.265625,172,0,1,0,0,0,1.572820902,5.872692108
3,184.5702972,185,0,1,0,0,0,1.972316504,6.851473808
3,172.2656403,172,0,0.5,199,0,0.5,1.945504546,6.851473808
3,184.5703125,185,0,1,0,0,0,1.728197455,6.851473808
2,184.5703125,185,0,1,0,0,0,1.717961907,5.872692108
2,172.265625,172,0,1,0,0,0,2.799025297,5.872692108
3,184.5703125,185,0,1,0,0,0,3.015290976,6.851473808
2,172.265625,172,0,1,0,0,0,2.683144093,5.872692108
3,178.2058258,178,0,0.5,185,0,0.5,3.064617634,6.851473808
2,184.570343,185,0,1,0,0,0,2.83501482,5.872692108
0,0,0,0,0,0,0,0,2.381551266,6.851473808
2,178.2058258,178,0,1,0,0,0,2.127412796,6.851473808
0,0,0,0,0,0,0,0,2.169829607,5.872692108
2,172.2656403,172,0,1,0,0,0,1.718597889,6.851473808
2,172.265625,172,0,1,0,0,0,1.935361385,6.851473808
2,178.2058258,178,0,1,0,0,0,1.169946194,6.851473808
2,172.265625,172,0,1,0,0,0,0.835148573,5.872692108
2,184.5703125,185,0,1,0,0,0,0.704691708,6.851473808
2,178.2058258,178,0,1,0,0,0,0.684756219,5.872692108
2,166.7086639,167,0,1,0,0,0,0.70499593,6.851473808
2,184.5703125,185,0,1,0,0,0,0.778734207,6.851473808
2,172.265625,172,0,1,0,0,0,0.940374911,5.872692108
3,178.2058105,178,0,1,0,0,0,1.334903955,6.851473808
2,178.2058105,178,0,1,0,0,0,1.578361988,5.872692108
3,172.265625,172,0,1,0,0,0,1.662120819,6.851473808
2,172.265625,172,0,1,0,0,0,1.943463206,6.302401066
2,156.6051331,157,0,1,0,0,0,2.377904415,6.98374176
2,166.7086487,167,0,1,0,0,0,3.39502883,6.525213242
0,0,0,0,0,0,0,0,7.526236057,7.425242424
0,0,0,0,0,0,0,0,2.605555773,6.890625
0,0,0,0,0,0,0,0,1.003421664,6.15234375
0,0,0,0,0,0,0,0,0,7.599953651
0,0,0,0,0,0,0,0,0,6.625600815
0,0,0,0,0,0,0,0,0,9.5703125
0,0,0,0,0,0,0,0,0,8.61328125
2,123.046875,123,0,1,0,0,0,1.417541623,1.957563996
2,156.6051178,157,0,1,0,0,0,1.045045257,1.957563996
2,120.1853256,120,0,1,0,0,0,0.884458601,1.957563996
0,0,0,0,0,0,0,0,0.745543838,0.978781998
0,0,0,0,0,0,0,0,0.840175092,0.978781998
2,156.6051178,157,0,1,0,0,0,1.121563196,0.978781998
2,120.1853256,120,0,1,0,0,0,0.996289015,0.978781998
3,184.5703125,185,0,1,0,0,0,0.872632265,0.978781998
0,0,0,0,0,0,0,0,0.753042877,0.978781998
0,0,0,0,0,0,0,0,0.726093709,0.978781998
3,184.5703125,185,0,0.5,199,0,0.5,0.8669945,0.978781998
2,123.046875,123,0,1,0,0,0,1.211671233,0.978781998
2,156.6051178,157,0,1,0,0,0,1.210855484,0.978781998
2,161.4990234,161,0,1,0,0,0,0.809144855,0.978781998
0,0,0,0,0,0,0,0,0.944183528,0.978781998
0,0,0,0,0,0,0,0,1.304865241,0.978781998
2,139.6748352,140,0,1,0,0,0,1.254572034,0.978781998
0,0,0,0,0,0,0,0,0.996519923,0.978781998
0,0,0,0,0,0,0,0,0.815329254,0.978781998
0,0,0,0,0,0,0,0,0.712476552,0.978781998
0,0,0,0,0,0,0,0,0.764157534,0.978781998
2,172.265625,172,0,1,0,0,0,0.963570654,0.978781998
0,0,0,0,0,0,0,0,1.200545311,0.978781998
0,0,0,0,0,0,0,0,0.887429714,0.978781998
2,147.65625,148,0,1,0,0,0,0.920812547,0.978781998
0,0,0,0,0,0,0,0,0.949336648,0.978781998
2,143.5546875,144,0,1,0,0,0,1.079730511,0.978781998
2,123.046875,123,0,1,0,0,0,1.223542213,0.978781998
2,156.6051178,157,0,1,0,0,0,1.245909214,0.978781998
0,0,0,0,0,0,0,0,1.158152699,0.978781998
2,139.6748352,140,0,1,0,0,0,1.050794244,0.978781998
0,0,0,0,0,0,0,0,0.983885646,0.978781998
0,0,0,0,0,0,0,0,0.928835511,0.978781998
3,198.7680511,199,0,0.5,207,0,0.5,1.169740677,0.978781998
2,123.046875,123,0,1,0,0,0,1.480094552,0.978781998
0,0,0,0,0,0,0,0,1.250342846,0.978781998
2,184.5703125,185,0,1,0,0,0,1.512200356,0.978781998
0,0,0,0,0,0,0,0,1.87353301,0.978781998
2,139.6748352,140,0,1,0,0,0,1.111117005,0.978781998
2,184.5703125,185,0,1,0,0,0,0.756594658,0.978781998
2,151.9990845,152,0,1,0,0,0,0.661249518,0.978781998
0,0,0,0,0,0,0,0,0.648404837,0.978781998
0,0,0,0,0,0,0,0,0.705260098,0.978781998
0,0,0,0,0,0,0,0,0.786212623,0.978781998
2,147.65625,148,0,1,0,0,0,1.12592876,0.978781998
2,135.999176,136,0,1,0,0,0,1.629595757,0.978781998
2,151.9990845,152,0,1,0,0,0,1.180046678,0.978781998
0,0,0,0,0,0,0,0,1.043054223,0.978781998
0,0,0,0,0,0,0,0,0.88342762,0.978781998
0,0,0,0,0,0,0,0,0.973012328,0.978781998
2,156.6051178,157,0,1,0,0,0,0.967631996,0.978781998
0,0,0,0,0,0,0,0,1.265642405,0.978781998
0,0,0,0,0,0,0,0,1.51472795,0.978781998
0,0,0,0,0,0,0,0,2.047148466,0.978781998
2,151.9990845,152,0,1,0,0,0,1.77457428,0.978781998
2,191.40625,191,0,1,0,0,0,1.619903684,0.978781998
2,139.6748352,140,0,1,0,0,0,1.4217875,0.978781998
2,139.6748352,140,0,1,0,0,0,1.300815821,0.978781998
0,0,0,0,0,0,0,0,1.175511241,0.978781998
2,139.6748352,140,0,1,0,0,0,1.320530176,0.978781998
2,126.0480194,126,0,1,0,0,0,1.874850512,0.978781998
0,0,0,0,0,0,0,0,1.067058086,0.978781998
2,156.6051178,157,0,1,0,0,0,0.945986688,0.978781998
3,172.2656403,172,0,0.5,199,0,0.5,1.009305596,0.978781998
0,0,0,0,0,0,0,0,1.017883062,0.978781998
0,0,0,0,0,0,0,0,1.084462047,0.978781998
0,0,0,0,0,0,0,0,1.375578165,1.957563996
2,191.40625,191,0,1,0,0,0,1.698795199,0.978781998
0,0,0,0,0,0,0,0,1.651419163,0.978781998
3,206.71875,207,0,1,0,0,0,1.167424917,0.978781998
2,198.7680359,199,0,1,0,0,0,1.146154523,0.978781998
2,156.6051178,157,0,1,0,0,0,1.596796989,0.978781998
2,178.2058258,178,0,1,0,0,0,1.329366565,0.978781998
2,161.4990234,161,0,1,0,0,0,1.024825811,0.978781998
2,123.046875,123,0,1,0,0,0,0.80243665,0.978781998
2,151.9990845,152,0,1,0,0,0,0.756768763,0.978781998
0,0,0,0,0,0,0,0,0.92229104,0.978781998
0,0,0,0,0,0,0,0,1.20065856,0.978781998
0,0,0,0,0,0,0,0,1.263250709,0.978781998
0,0,0,0,0,0,0,0,1.08069551,0.978781998
2,191.40625,191,0,1,0,0,0,0.917610109,0.978781998
2,139.6748352,140,0,1,0,0,0,0.879369855,0.978781998
2,143.5546875,144,0,1,0,0,0,1.032654524,0.978781998
0,0,0,0,0,0,0,0,1.099111438,0.978781998
0,0,0,0,0,0,0,0,0.890641928,0.978781998
0,0,0,0,0,0,0,0,0.836760759,0.978781998
0,0,0,0,0,0,0,0,1.048137188,0.978781998
2,166.7086639,167,0,1,0,0,0,1.039203644,0.978781998
2,151.9990845,152,0,1,0,0,0,0.889895141,1.957563996
2,184.5703125,185,0,1,0,0,0,0.823668182,0.978781998
2,147.65625,148,0,1,0,0,0,0.848852396,0.978781998
0,0,0,0,0,0,0,0,1.077576518,0.978781998
0,0,0,0,0,0,0,0,1.717011452,0.978781998
0,0,0,0,0,0,0,0,1.649294853,0.978781998
0,0,0,0,0,0,0,0,1.562922716,0.978781998
2,172.265625,172,0,1,0,0,0,2.248350859,0.978781998
0,0,0,0,0,0,0,0,2.630434513,0.978781998
2,191.40625,191,0,1,0,0,0,1.895069838,1.050400138
0,0,0,0,0,0,0,0,1.440118432,1.163957
0,0,0,0,0,0,0,0,1.130238891,1.305042624
0,0,0,0,0,0,0,0,0.845413744,1.485048413
0,0,0,0,0,0,0,0,0.64816618,1.72265625
0,0,0,0,0,0,0,0,0.5151245,2.05078125
0,0,0,0,0,0,0,0,0,2.533318043
0,0,0,0,0,0,0,0,0,3.312800407
0,0,0,0,0,0,0,0,0,4.78515625
0,0,0,0,0,0,0,0,0,8.61328125
2,123.046875,123,0,1,0,0,0,0.499601156,4.893909931
2,123.046875,123,0,1,0,0,0,0.536705375,3.915127993
2,120.1853256,120,0,1,0,0,0,0.556849658,3.915127993
3,184.5703125,185,0,1,0,0,0,0.568443596,3.915127993
3,178.2058105,178,0,0.5,185,0,0.5,0.569816351,3.915127993
2,123.046875,123,0,1,0,0,0,0.597909212,2.936346054
2,120.1853256,120,0,1,0,0,0,0.649887562,2.936346054
2,123.046875,123,0,1,0,0,0,0.652879655,2.936346054
3,184.5703125,185,0,1,0,0,0,0.631159782,3.915127993
2,139.6748352,140,0,1,0,0,0,0.604995608,3.915127993
2,120.1853256,120,0,1,0,0,0,0.598233581,2.936346054
2,161.4990234,161,0,1,0,0,0,0.629978001,1.957563996
3,206.7187195,207,0,0.5,215,0,0.5,0.741150796,3.915127993
2,151.9990845,152,0,1,0,0,0,0.805061042,1.957563996
3,184.5703125,185,0,1,0,0,0,0.766404629,1.957563996
0,0,0,0,0,0,0,0,0.673119843,0.978781998
2,120.1853256,120,0,1,0,0,0,0.671188533,0.978781998
2,123.046875,123,0,1,0,0,0,0.705660999,1.957563996
2,120.1853256,120,0,1,0,0,0,0.651873112,0.978781998
2,120.1853256,120,0,1,0,0,0,0.606178641,0.978781998
0,0,0,0,0,0,0,0,0.621266425,1.957563996
2,123.046875,123,0,1,0,0,0,0.696365535,1.957563996
0,0,0,0,0,0,0,0,0.874269128,2.936346054
0,0,0,0,0,0,0,0,1.157285571,1.957563996
0,0,0,0,0,0,0,0,2.012352467,1.957563996
0,0,0,0,0,0,0,0,1.429163694,2.936346054
0,0,0,0,0,0,0,0,1.138915062,2.936346054
2,184.5703125,185,0,1,0,0,0,1.386143446,1.957563996
0,0,0,0,0,0,0,0,1.042791009,2.936346054
0,0,0,0,0,0,0,0,0.792502224,0.978781998
0,0,0,0,0,0,0,0,0.707280874,1.957563996
2,139.6748352,140,0,1,0,0,0,0.694035769,0.978781998
2,156.6051178,157,0,1,0,0,0,0.723712921,1.957563996
2,178.2058258,178,0,1,0,0,0,0.955795825,0.978781998
0,0,0,0,0,0,0,0,1.268666148,1.957563996
0,0,0,0,0,0,0,0,1.773759723,2.936346054
2,120.1853256,120,0,1,0,0,0,1.538141012,2.936346054
0,0,0,0,0,0,0,0,0.986668348,0.978781998
0,0,0,0,0,0,0,0,0.845148206,0.978781998
2,123.046875,123,0,1,0,0,0,0.829426825,1.957563996
2,139.6748352,140,0,1,0,0,0,0.859711111,1.957563996
0,0,0,0,0,0,0,0,0.951731265,1.957563996
0,0,0,0,0,0,0,0,1.353522658,1.957563996
0,0,0,0,0,0,0,0,1.441228032,1.957563996
2,123.046875,123,0,1,0,0,0,1.031318426,2.936346054
2,143.5546875,144,0,1,0,0,0,1.160102487,2.936346054
0,0,0,0,0,0,0,0,1.393131137,2.936346054
0,0,0,0,0,0,0,0,1.502819777,2.936346054
0,0,0,0,0,0,0,0,1.437729478,3.915127993
0,0,0,0,0,0,0,0,1.569078207,1.957563996
2,156.6051178,157,0,1,0,0,0,1.565055013,1.957563996
2,184.5703125,185,0,1,0,0,0,1.447297931,1.957563996
0,0,0,0,0,0,0,0,1.030236363,2.936346054
0,0,0,0,0,0,0,0,0.848783076,1.957563996
0,0,0,0,0,0,0,0,1.240887046,1.957563996
0,0,0,0,0,0,0,0,1.446801305,0.978781998
2,147.6562653,148,0,1,0,0,0,1.409970164,1.957563996
0,0,0,0,0,0,0,0,1.640709758,0.978781998
2,123.046875,123,0,1,0,0,0,1.18308413,1.957563996
0,0,0,0,0,0,0,0,0.956630528,0.978781998
2,139.6748352,140,0,1,0,0,0,0.855729699,1.957563996
2,135.999176,136,0,1,0,0,0,0.872360229,1.957563996
2,151.9990845,152,0,1,0,0,0,0.891207874,2.936346054
2,178.2058258,178,0,1,0,0,0,1.196228147,2.936346054
0,0,0,0,0,0,0,0,1.176457763,2.936346054
0,0,0,0,0,0,0,0,0.981513679,2.936346054
2,156.6051178,157,0,1,0,0,0,1.062479377,1.957563996
2,178.2058258,178,0,1,0,0,0,0.905213892,1.957563996
2,147.6562653,148,0,1,0,0,0,0.66398412,1.957563996
0,0,0,0,0,0,0,0,0.612129867,1.957563996
2,161.4990234,161,0,1,0,0,0,0.588543832,0.978781998
0,0,0,0,0,0,0,0,0.623503447,1.957563996
2,143.5546875,144,0,1,0,0,0,0.64378649,0.978781998
2,156.6051178,157,0,1,0,0,0,0.58503592,0.978781998
2,178.2058258,178,0,1,0,0,0,0.566401601,0.978781998
0,0,0,0,0,0,0,0,0.682644606,1.957563996
2,120.1853256,120,0,1,0,0,0,0.830471456,2.936346054
0,0,0,0,0,0,0,0,0.824092269,2.936346054
2,143.5546722,144,0,1,0,0,0,0.711454868,3.915127993
0,0,0,0,0,0,0,0,0.57769233,3.915127993
0,0,0,0,0,0,0,0,0.519165754,3.915127993
2,123.046875,123,0,1,0,0,0,0.50719595,2.936346054
2,129.1992188,129,0,1,0,0,0,0.504908383,1.957563996
0,0,0,0,0,0,0,0,0.549399853,2.936346054
0,0,0,0,0,0,0,0,0.640429139,1.957563996
0,0,0,0,0,0,0,0,0.775501072,3.915127993
2,129.1992188,129,0,1,0,0,0,0.803836763,2.936346054
2,135.999176,136,0,1,0,0,0,1.005401015,3.915127993
2,184.5703125,185,0,1,0,0,0,1.305868149,3.915127993
0,0,0,0,0,0,0,0,1.163794279,2.936346054
0,0,0,0,0,0,0,0,1.184653997,2.936346054
0,0,0,0,0,0,0,0,1.195497274,1.957563996
2,143.5546875,144,0,1,0,0,0,1.199261069,1.957563996
2,184.5703125,185,0,1,0,0,0,1.204730153,1.957563996
0,0,0,0,0,0,0,0,1.101742506,2.936346054
0,0,0,0,0,0,0,0,0.781326413,2.936346054
0,0,0,0,0,0,0,0,0.646388412,0.978781998
2,166.7086639,167,0,1,0,0,0,0.712310135,1.050400138
0,0,0,0,0,0,0,0,0.848794222,1.163957
0,0,0,0,0,0,0,0,1.613123417,1.305042624
0,0,0,0,0,0,0,0,9.027704239,1.485048413
0,0,0,0,0,0,0,0,5.558946133,1.72265625
0,0,0,0,0,0,0,0,4.991011143,2.05078125
0,0,0,0,0,0,0,0,0,2.533318043
0,0,0,0,0,0,0,0,0,3.312800407
0,0,0,0,0,0,0,0,0,4.78515625
0,0,0,0,0,0,0,0,0,8.61328125
0,0,0,0,0,0,0,0,0.789673746,1.957563996
2,123.046875,123,0,1,0,0,0,1.030737996,2.936346054
2,120.1853256,120,0,1,0,0,0,1.519965768,3.915127993
0,0,0,0,0,0,0,0,1.077608466,2.936346054
0,0,0,0,0,0,0,0,0.891874254,3.915127993
0,0,0,0,0,0,0,0,0.900772512,3.915127993
2,156.6051178,157,0,1,0,0,0,0.891173303,2.936346054
2,156.6051331,157,0,1,0,0,0,0.927460253,3.915127993
2,156.6051025,157,0,1,0,0,0,1.071714878,3.915127993
2,161.4990234,161,0,1,0,0,0,1.39175272,3.915127993
2,161.4990234,161,0,1,0,0,0,1.048382282,3.915127993
2,151.9990845,152,0,1,0,0,0,0.814756453,3.915127993
2,166.7086487,167,0,1,0,0,0,0.704959095,3.915127993
2,191.40625,191,0,1,0,0,0,0.672731459,3.915127993
2,178.2058258,178,0,1,0,0,0,0.707778096,4.893909931
2,184.5702972,185,0,1,0,0,0,0.784209788,4.893909931
3,172.265625,172,0,0.5,185,0,0.5,1.004187107,3.915127993
3,184.5703125,185,0,1,0,0,0,1.52737689,4.893909931
2,178.2058258,178,0,1,0,0,0,2.451538563,4.893909931
2,178.2058105,178,0,1,0,0,0,1.953608871,3.915127993
3,172.265625,172,0,0.5,185,0,0.5,1.545873046,4.893909931
2,172.2656097,172,0,1,0,0,0,1.444203019,4.893909931
2,166.7086639,167,0,1,0,0,0,1.460434675,4.893909931
2,184.5703125,185,0,1,0,0,0,1.999423385,3.915127993
3,178.2058105,178,0,0.5,185,0,0.5,1.268191576,4.893909931
2,120.1853256,120,0,1,0,0,0,0.871000886,4.893909931
0,0,0,0,0,0,0,0,0.72031486,4.893909931
2,120.1853256,120,0,1,0,0,0,0.630025804,5.872692108
0,0,0,0,0,0,0,0,0.598035991,5.872692108
0,0,0,0,0,0,0,0,0.622016609,5.872692108
2,123.046875,123,0,1,0,0,0,0.741649032,4.893909931
0,0,0,0,0,0,0,0,0.962297738,4.893909931
0,0,0,0,0,0,0,0,1.443141937,4.893909931
0,0,0,0,0,0,0,0,1.616349936,4.893909931
0,0,0,0,0,0,0,0,1.786634684,4.893909931
0,0,0,0,0,0,0,0,1.721771598,4.893909931
0,0,0,0,0,0,0,0,1.341464281,4.893909931
0,0,0,0,0,0,0,0,1.143093824,4.893909931
0,0,0,0,0,0,0,0,0.992695332,4.893909931
0,0,0,0,0,0,0,0,0.801222324,5.872692108
0,0,0,0,0,0,0,0,0.693128824,5.872692108
0,0,0,0,0,0,0,0,0.850537062,4.893909931
2,156.6051178,157,0,1,0,0,0,1.094220281,3.915127993
2,198.7680359,199,0,1,0,0,0,0.897878647,3.915127993
0,0,0,0,0,0,0,0,0.876074255,4.893909931
0,0,0,0,0,0,0,0,0.850368261,2.936346054
0,0,0,0,0,0,0,0,0.874338388,1.957563996
0,0,0,0,0,0,0,0,0.911605179,1.957563996
0,0,0,0,0,0,0,0,0.898620963,2.936346054
2,166.7086639,167,0,1,0,0,0,0.93515408,3.915127993
0,0,0,0,0,0,0,0,1.051183105,2.936346054
0,0,0,0,0,0,0,0,1.019301176,3.915127993
0,0,0,0,0,0,0,0,1.009537935,3.915127993
0,0,0,0,0,0,0,0,1.30313766,3.915127993
2,161.4990234,161,0,1,0,0,0,1.317671657,3.915127993
3,184.5703125,185,0,1,0,0,0,1.033481717,3.915127993
2,172.2656097,172,0,1,0,0,0,0.951000631,3.915127993
2,172.2656097,172,0,1,0,0,0,0.874704003,3.915127993
2,161.4990234,161,0,1,0,0,0,0.758229554,3.915127993
3,178.2058105,178,0,1,0,0,0,0.723154545,3.915127993
3,178.2058105,178,0,0.5,185,0,0.5,0.719905138,4.893909931
2,172.2656097,172,0,1,0,0,0,0.757292092,3.915127993
2,172.265625,172,0,1,0,0,0,0.946991205,2.936346054
3,172.265625,172,0,1,0,0,0,1.39413631,4.893909931
2,178.2058258,178,0,1,0,0,0,1.894372702,4.893909931
2,166.7086639,167,0,1,0,0,0,1.64230895,3.915127993
2,184.5703125,185,0,1,0,0,0,1.980752826,3.915127993
2,178.2058258,178,0,1,0,0,0,1.820686102,4.893909931
0,0,0,0,0,0,0,0,1.510204434,3.915127993
2,172.265625,172,0,1,0,0,0,1.244746447,3.915127993
2,191.40625,191,0,1,0,0,0,0.946698129,2.936346054
2,123.046875,123,0,1,0,0,0,0.810819685,3.915127993
2,132.5120239,133,0,1,0,0,0,0.937194109,4.893909931
2,123.046875,123,0,1,0,0,0,1.136639833,4.893909931
0,0,0,0,0,0,0,0,0.811009049,3.915127993
0,0,0,0,0,0,0,0,0.697914183,3.915127993
0,0,0,0,0,0,0,0,0.722857952,2.936346054
0,0,0,0,0,0,0,0,0.773556352,4.893909931
0,0,0,0,0,0,0,0,0.957291007,4.893909931
0,0,0,0,0,0,0,0,1.075988054,5.872692108
0,0,0,0,0,0,0,0,1.245331645,4.893909931
0,0,0,0,0,0,0,0,1.507259727,4.893909931
2,166.7086639,167,0,1,0,0,0,1.410845399,3.915127993
2,161.4990234,161,0,1,0,0,0,1.115334988,2.936346054
3,206.71875,207,0,1,0,0,0,0.949993849,4.893909931
0,0,0,0,0,0,0,0,0.776687264,4.893909931
0,0,0,0,0,0,0,0,0.616684854,4.893909931
0,0,0,0,0,0,0,0,0.666360736,4.893909931
0,0,0,0,0,0,0,0,0.86569947,4.893909931
2,151.9990845,152,0,1,0,0,0,1.111020923,3.915127993
0,0,0,0,0,0,0,0,0.855880737,3.915127993
2,156.6051178,157,0,1,0,0,0,0.65604502,3.915127993
2,132.5120239,133,0,1,0,0,0,0.670336604,4.893909931
2,147.6562653,148,0,1,0,0,0,0.851594031,2.936346054
0,0,0,0,0,0,0,0,1.03785634,2.936346054
0,0,0,0,0,0,0,0,1.365503192,2.936346054
0,0,0,0,0,0,0,0,1.559411645,1.957563996
0,0,0,0,0,0,0,0,1.523167491,3.151200533
2,178.2058258,178,0,1,0,0,0,1.400871515,2.327914
0,0,0,0,0,0,0,0,1.283900976,3.915127993
0,0,0,0,0,0,0,0,0.789924085,2.970096827
0,0,0,0,0,0,0,0,0.542401373,3.4453125
0,0,0,0,0,0,0,0,0.423430383,4.1015625
0,0,0,0,0,0,0,0,0,2.533318043
0,0,0,0,0,0,0,0,0,6.625600815
0,0,0,0,0,0,0,0,0,9.5703125
0,0,0,0,0,0,0,0,0,8.61328125
2,178.2058258,178,0,1,0,0,0,0.566882551,0.978781998
0,0,0,0,0,0,0,0,0.614056289,0.978781998
0,0,0,0,0,0,0,0,0.684475005,0.978781998
2,156.6051178,157,0,1,0,0,0,0.880247474,0.978781998
0,0,0,0,0,0,0,0,1.296017885,0.978781998
0,0,0,0,0,0,0,0,2.084459543,0.978781998
0,0,0,0,0,0,0,0,1.424044132,0.978781998
0,0,0,0,0,0,0,0,0.86913991,0.978781998
0,0,0,0,0,0,0,0,0.686567008,0.978781998
2,178.2058258,178,0,1,0,0,0,0.612668157,0.978781998
0,0,0,0,0,0,0,0,0.557509124,1.957563996
2,129.1992188,129,0,1,0,0,0,0.619124591,1.957563996
2,143.5546722,144,0,1,0,0,0,0.971357465,1.957563996
2,161.4990234,161,0,1,0,0,0,0.915261447,1.957563996
0,0,0,0,0,0,0,0,0.685137272,1.957563996
0,0,0,0,0,0,0,0,0.605068743,1.957563996
2,139.6748352,140,0,1,0,0,0,0.580806315,1.957563996
2,184.570343,185,0,1,0,0,0,0.604578316,1.957563996
2,184.5702972,185,0,1,0,0,0,0.667948186,1.957563996
0,0,0,0,0,0,0,0,0.760740995,1.957563996
0,0,0,0,0,0,0,0,1.087998629,0.978781998
2,151.9990845,152,0,1,0,0,0,0.951524019,0.978781998
2,184.5703125,185,0,1,0,0,0,0.7633214,1.957563996
0,0,0,0,0,0,0,0,0.761740565,0.978781998
2,156.6051178,157,0,1,0,0,0,0.78927052,0.978781998
0,0,0,0,0,0,0,0,0.896631479,0.978781998
0,0,0,0,0,0,0,0,0.880172372,0.978781998
2,135.999176,136,0,1,0,0,0,0.725485861,0.978781998
2,151.9990845,152,0,1,0,0,0,0.611032248,0.978781998
2,166.7086487,167,0,1,0,0,0,0.56175667,1.957563996
0,0,0,0,0,0,0,0,0.555208921,2.936346054
2,123.046875,123,0,1,0,0,0,0.658517659,2.936346054
2,126.0480118,126,0,1,0,0,0,0.914600134,2.936346054
2,143.5546875,144,0,1,0,0,0,0.763133764,2.936346054
2,161.4990234,161,0,1,0,0,0,0.659237564,1.957563996
0,0,0,0,0,0,0,0,0.660473943,1.957563996
0,0,0,0,0,0,0,0,0.693416655,1.957563996
0,0,0,0,0,0,0,0,0.801954091,2.936346054
2,172.265625,172,0,1,0,0,0,0.964398384,2.936346054
2,184.5703125,185,0,1,0,0,0,0.942249954,1.957563996
2,178.2058258,178,0,1,0,0,0,0.662571251,0.978781998
2,184.5703125,185,0,1,0,0,0,0.590744078,0.978781998
0,0,0,0,0,0,0,0,0.655219555,0.978781998
0,0,0,0,0,0,0,0,0.898365021,0.978781998
0,0,0,0,0,0,0,0,1.006846309,0.978781998
0,0,0,0,0,0,0,0,0.862274468,0.978781998
0,0,0,0,0,0,0,0,1.074412107,0.978781998
2,161.4990234,161,0,1,0,0,0,1.349033117,0.978781998
0,0,0,0,0,0,0,0,1.763094306,0.978781998
0,0,0,0,0,0,0,0,1.9522717,0.978781998
2,166.7086639,167,0,1,0,0,0,1.94176805,0.978781998
0,0,0,0,0,0,0,0,1.173423886,0.978781998
0,0,0,0,0,0,0,0,0.779678643,1.957563996
2,123.046875,123,0,1,0,0,0,0.686308146,1.957563996
2,135.999176,136,0,1,0,0,0,0.817342043,1.957563996
2,156.6051178,157,0,1,0,0,0,0.975696683,1.957563996
0,0,0,0,0,0,0,0,1.005656719,1.957563996
3,206.71875,207,0,1,0,0,0,1.002496958,1.957563996
0,0,0,0,0,0,0,0,0.89444232,1.957563996
2,156.6051178,157,0,1,0,0,0,0.82321924,1.957563996
2,184.5703125,185,0,1,0,0,0,0.858375251,1.957563996
0,0,0,0,0,0,0,0,1.079279065,1.957563996
2,156.6051178,157,0,1,0,0,0,2.214433432,0.978781998
0,0,0,0,0,0,0,0,3.114253283,0.978781998
0,0,0,0,0,0,0,0,2.787816048,0.978781998
2,151.9990845,152,0,1,0,0,0,2.590162277,0.978781998
0,0,0,0,0,0,0,0,1.739374995,0.978781998
0,0,0,0,0,0,0,0,0.992218733,0.978781998
0,0,0,0,0,0,0,0,0.733183205,0.978781998
2,139.6748352,140,0,1,0,0,0,0.606853247,0.978781998
2,147.6562653,148,0,1,0,0,0,0.548502862,0.978781998
0,0,0,0,0,0,0,0,0.561630845,0.978781998
0,0,0,0,0,0,0,0,0.588355541,1.957563996
2,126.0480194,126,0,1,0,0,0,0.739609182,1.957563996
2,135.999176,136,0,1,0,0,0,1.001028419,1.957563996
2,147.6562653,148,0,1,0,0,0,0.801106513,1.957563996
0,0,0,0,0,0,0,0,0.684896767,1.957563996
0,0,0,0,0,0,0,0,0.690966845,1.957563996
0,0,0,0,0,0,0,0,0.711443007,1.957563996
2,151.9990692,152,0,1,0,0,0,0.807741523,1.957563996
2,206.71875,207,0,1,0,0,0,1.054187536,1.957563996
0,0,0,0,0,0,0,0,1.00448668,1.957563996
2,147.6562653,148,0,1,0,0,0,0.632475972,0.978781998
2,151.9990845,152,0,1,0,0,0,0.565308213,0.978781998
2,191.40625,191,0,1,0,0,0,0.598909914,0.978781998
0,0,0,0,0,0,0,0,0.680972815,0.978781998
2,139.6748352,140,0,1,0,0,0,0.820336401,0.978781998
2,156.6051178,157,0,1,0,0,0,1.415143847,0.978781998
0,0,0,0,0,0,0,0,2.247810841,0.978781998
0,0,0,0,0,0,0,0,2.700541258,0.978781998
0,0,0,0,0,0,0,0,1.923581719,0.978781998
2,151.9990845,152,0,1,0,0,0,1.304723859,0.978781998
0,0,0,0,0,0,0,0,0.880155504,0.978781998
2,166.7086639,167,0,1,0,0,0,0.726929903,0.978781998
2,120.1853256,120,0,1,0,0,0,0.627107024,1.957563996
2,129.1992188,129,0,1,0,0,0,0.745123327,1.957563996
2,147.65625,148,0,1,0,0,0,1.064833403,1.957563996
2,156.6051178,157,0,1,0,0,0,1.131742358,2.100800276
0,0,0,0,0,0,0,0,1.095242858,2.327914
0,0,0,0,0,0,0,0,1.025743127,2.610085249
0,0,0,0,0,0,0,0,0.826515377,2.970096827
0,0,0,0,0,0,0,0,0.728900909,3.4453125
0,0,0,0,0,0,0,0,0.78570652,4.1015625
0,0,0,0,0,0,0,0,0,5.066636086
0,0,0,0,0,0,0,0,0,3.312800407
0,0,0,0,0,0,0,0,0,4.78515625
0,0,0,0,0,0,0,0,0,8.61328125
0,0,0,0,0,0,0,0,2.499815464,2.936346054
2,132.5120239,133,0,1,0,0,0,2.012054205,2.936346054
2,139.6748352,140,0,1,0,0,0,1.410927773,1.957563996
2,123.046875,123,0,1,0,0,0,1.020596147,1.957563996
2,132.5120239,133,0,1,0,0,0,0.797554731,1.957563996
0,0,0,0,0,0,0,0,0.82041806,1.957563996
0,0,0,0,0,0,0,0,0.888336718,0.978781998
0,0,0,0,0,0,0,0,1.080605388,0.978781998
0,0,0,0,0,0,0,0,1.828130841,1.957563996
2,143.5546875,144,0,1,0,0,0,1.575191855,1.957563996
2,132.5120239,133,0,1,0,0,0,1.089187503,1.957563996
0,0,0,0,0,0,0,0,1.14119637,1.957563996
0,0,0,0,0,0,0,0,1.394914985,1.957563996
0,0,0,0,0,0,0,0,1.35144496,1.957563996
2,166.7086639,167,0,1,0,0,0,1.142662287,1.957563996
0,0,0,0,0,0,0,0,0.894985437,1.957563996
0,0,0,0,0,0,0,0,0.742276728,1.957563996
2,139.6748352,140,0,1,0,0,0,0.623360872,1.957563996
3,184.5703125,185,0,1,0,0,0,0.603707552,1.957563996
2,126.0480118,126,0,1,0,0,0,0.796876311,1.957563996
2,139.6748352,140,0,1,0,0,0,1.087574482,1.957563996
2,161.4990234,161,0,1,0,0,0,0.821421385,1.957563996
0,0,0,0,0,0,0,0,0.786225021,1.957563996
0,0,0,0,0,0,0,0,0.862449765,1.957563996
0,0,0,0,0,0,0,0,0.932205856,1.957563996
2,166.7086639,167,0,1,0,0,0,0.847492754,1.957563996
2,184.5703125,185,0,1,0,0,0,0.712781847,1.957563996
0,0,0,0,0,0,0,0,0.581800044,1.957563996
0,0,0,0,0,0,0,0,0.508618593,0.978781998
2,147.6562653,148,0,1,0,0,0,0.533147812,0.978781998
0,0,0,0,0,0,0,0,0.570931315,0.978781998
2,161.4990234,161,0,1,0,0,0,0.612851143,0.978781998
2,184.5703125,185,0,1,0,0,0,0.569535196,0.978781998
2,120.1853256,120,0,1,0,0,0,0.564792216,1.957563996
2,123.046875,123,0,1,0,0,0,0.984662175,1.957563996
2,135.999176,136,0,1,0,0,0,0.807000637,1.957563996
2,151.9990845,152,0,1,0,0,0,0.664651871,1.957563996
0,0,0,0,0,0,0,0,0.644577622,1.957563996
0,0,0,0,0,0,0,0,0.694248497,1.957563996
2,147.65625,148,0,1,0,0,0,0.78158462,1.957563996
2,151.9990845,152,0,1,0,0,0,0.904498935,1.957563996
2,147.6562653,148,0,1,0,0,0,0.895022273,0.978781998
2,147.6562653,148,0,1,0,0,0,0.658768535,0.978781998
2,147.6562653,148,0,1,0,0,0,0.520436168,0.978781998
2,147.6562653,148,0,1,0,0,0,0.541861475,0.978781998
2,191.40625,191,0,1,0,0,0,0.541999996,0.978781998
0,0,0,0,0,0,0,0,0.533961236,0.978781998
0,0,0,0,0,0,0,0,0.594695628,0.978781998
0,0,0,0,0,0,0,0,0.650559247,1.957563996
2,120.1853256,120,0,1,0,0,0,0.953133166,1.957563996
2,129.1992188,129,0,1,0,0,0,0.907043457,1.957563996
2,147.65625,148,0,1,0,0,0,0.741558194,1.957563996
2,161.4990234,161,0,1,0,0,0,0.647490501,1.957563996
0,0,0,0,0,0,0,0,0.660048008,1.957563996
2,166.7086487,167,0,1,0,0,0,0.718284965,1.957563996
2,166.7086639,167,0,1,0,0,0,0.829741955,0.978781998
0,0,0,0,0,0,0,0,0.917336643,0.978781998
0,0,0,0,0,0,0,0,0.801671982,0.978781998
0,0,0,0,0,0,0,0,0.57501471,0.978781998
0,0,0,0,0,0,0,0,0.519199312,0.978781998
0,0,0,0,0,0,0,0,0.545827746,0.978781998
2,172.2656097,172,0,1,0,0,0,0.571190298,0.978781998
0,0,0,0,0,0,0,0,0.586911142,0.978781998
0,0,0,0,0,0,0,0,0.561009765,1.957563996
2,120.1853256,120,0,1,0,0,0,0.612617552,1.957563996
2,129.1992188,129,0,1,0,0,0,0.957008362,1.957563996
2,139.6748352,140,0,1,0,0,0,0.792609274,1.957563996
2,161.4990234,161,0,1,0,0,0,0.652754247,1.957563996
0,0,0,0,0,0,0,0,0.613018632,1.957563996
0,0,0,0,0,0,0,0,0.649195433,1.957563996
0,0,0,0,0,0,0,0,0.741427898,0.978781998
2,166.7086639,167,0,1,0,0,0,0.855786562,0.978781998
0,0,0,0,0,0,0,0,0.840163291,0.978781998
0,0,0,0,0,0,0,0,0.62975651,0.978781998
0,0,0,0,0,0,0,0,0.500937402,0.978781998
0,0,0,0,0,0,0,0,0.526769102,0.978781998
2,147.6562653,148,0,1,0,0,0,0.57306844,0.978781998
2,191.40625,191,0,1,0,0,0,0.602439463,0.978781998
2,184.5703125,185,0,1,0,0,0,0.581470311,0.978781998
0,0,0,0,0,0,0,0,0.555136263,0.978781998
0,0,0,0,0,0,0,0,0.627893746,1.957563996
2,139.6748352,140,0,1,0,0,0,0.802864909,1.957563996
2,147.6562653,148,0,1,0,0,0,0.960571229,1.957563996
2,178.2058258,178,0,1,0,0,0,0.776708663,2.936346054
0,0,0,0,0,0,0,0,0.763809323,1.957563996
2,123.046875,123,0,1,0,0,0,0.817945302,2.936346054
2,132.5120239,133,0,1,0,0,0,0.898618281,2.936346054
0,0,0,0,0,0,0,0,1.07370007,2.936346054
0,0,0,0,0,0,0,0,1.236867547,2.936346054
0,0,0,0,0,0,0,0,1.610104561,1.957563996
0,0,0,0,0,0,0,0,1.467450738,1.957563996
0,0,0,0,0,0,0,0,1.121912003,1.957563996
2,172.265625,172,0,1,0,0,0,0.836273611,1.957563996
0,0,0,0,0,0,0,0,0.728218794,2.936346054
0,0,0,0,0,0,0,0,0.585279524,2.936346054
0,0,0,0,0,0,0,0,0.579492748,1.957563996
2,191.40625,191,0,1,0,0,0,0.595225453,1.957563996
0,0,0,0,0,0,0,0,0.549384177,1.050400138
0,0,0,0,0,0,0,0,0.552392542,1.163957
0,0,0,0,0,0,0,0,0.641420126,1.305042624
0,0,0,0,0,0,0,0,0.71738416,1.485048413
0,0,0,0,0,0,0,0,0.624947488,1.72265625
0,0,0,0,0,0,0,0,0.498719096,2.05078125
0,0,0,0,0,0,0,0,0,2.533318043
0,0,0,0,0,0,0,0,0,3.312800407
0,0,0,0,0,0,0,0,0,4.78515625
2,184.5703125,185,0,1,0,0,0,0.976116002,3.915127993
0,0,0,0,0,0,0,0,1.088847041,4.893909931
0,0,0,0,0,0,0,0,0.818199933,4.893909931
0,0,0,0,0,0,0,0,0.644747734,4.893909931
0,0,0,0,0,0,0,0,0.649544597,4.893909931
0,0,0,0,0,0,0,0,0.713798702,4.893909931
0,0,0,0,0,0,0,0,0.844446361,4.893909931
0,0,0,0,0,0,0,0,0.998875797,4.893909931
0,0,0,0,0,0,0,0,1.128615856,5.872692108
2,191.40625,191,0,1,0,0,0,1.193594337,5.872692108
2,123.046875,123,0,1,0,0,0,1.16050005,4.893909931
0,0,0,0,0,0,0,0,1.354037642,4.893909931
0,0,0,0,0,0,0,0,1.146841168,4.893909931
0,0,0,0,0,0,0,0,0.875337899,4.893909931
0,0,0,0,0,0,0,0,0.785285234,3.915127993
0,0,0,0,0,0,0,0,0.730245233,4.893909931
2,143.5546875,144,0,1,0,0,0,0.74760586,4.893909931
3,206.71875,207,0,1,0,0,0,0.906561852,4.893909931
3,206.71875,207,0,1,0,0,0,1.19126761,2.936346054
2,191.40625,191,0,1,0,0,0,0.619179964,3.915127993
0,0,0,0,0,0,0,0,0.747725427,2.936346054
2,117.4538422,117,0,1,0,0,0,1.000506163,3.915127993
0,0,0,0,0,0,0,0,1.515584946,3.915127993
0,0,0,0,0,0,0,0,1.830484867,3.915127993
0,0,0,0,0,0,0,0,1.415765882,4.893909931
0,0,0,0,0,0,0,0,1.254591465,3.915127993
2,120.1853256,120,0,1,0,0,0,1.159379959,4.893909931
2,129.1992188,129,0,1,0,0,0,1.260615349,4.893909931
0,0,0,0,0,0,0,0,1.361865878,4.893909931
2,123.046875,123,0,1,0,0,0,1.687987804,4.893909931
0,0,0,0,0,0,0,0,1.441028237,4.893909931
0,0,0,0,0,0,0,0,1.161942005,4.893909931
0,0,0,0,0,0,0,0,1.450484514,4.893909931
0,0,0,0,0,0,0,0,2.50127697,4.893909931
0,0,0,0,0,0,0,0,1.604418635,4.893909931
0,0,0,0,0,0,0,0,1.003338575,5.872692108
0,0,0,0,0,0,0,0,0.903637707,3.915127993
0,0,0,0,0,0,0,0,0.89364785,4.893909931
0,0,0,0,0,0,0,0,0.876108646,4.893909931
0,0,0,0,0,0,0,0,1.119002104,3.915127993
0,0,0,0,0,0,0,0,3.112597466,4.893909931
3,178.2058105,178,0,0.5,191,0,0.5,1.598837376,5.872692108
3,215.3320313,215,0,1,0,0,0,1.044912219,4.893909931
0,0,0,0,0,0,0,0,0.94661504,4.893909931
0,0,0,0,0,0,0,0,0.828954875,4.893909931
0,0,0,0,0,0,0,0,0.806010187,3.915127993
0,0,0,0,0,0,0,0,0.868636549,3.915127993
0,0,0,0,0,0,0,0,1.018615484,3.915127993
2,123.046875,123,0,1,0,0,0,1.263513565,4.893909931
0,0,0,0,0,0,0,0,1.508684874,4.893909931
0,0,0,0,0,0,0,0,1.88858521,3.915127993
0,0,0,0,0,0,0,0,2.309514761,4.893909931
0,0,0,0,0,0,0,0,3.163887262,4.893909931
0,0,0,0,0,0,0,0,3.573353767,3.915127993
2,123.0468826,123,0,1,0,0,0,2.60550189,3.915127993
0,0,0,0,0,0,0,0,1.682175875,4.893909931
0,0,0,0,0,0,0,0,1.471636415,4.893909931
0,0,0,0,0,0,0,0,1.548098803,5.872692108
0,0,0,0,0,0,0,0,1.368411899,3.915127993
2,117.4538422,117,0,1,0,0,0,1.181574941,4.893909931
0,0,0,0,0,0,0,0,1.566569924,4.893909931
0,0,0,0,0,0,0,0,1.851100683,4.893909931
0,0,0,0,0,0,0,0,1.887019634,4.893909931
0,0,0,0,0,0,0,0,1.760355115,2.936346054
0,0,0,0,0,0,0,0,2.141649961,3.915127993
0,0,0,0,0,0,0,0,2.608505011,3.915127993
0,0,0,0,0,0,0,0,3.489501953,3.915127993
0,0,0,0,0,0,0,0,3.19707036,4.893909931
0,0,0,0,0,0,0,0,2.182630301,5.872692108
0,0,0,0,0,0,0,0,2.331862688,4.893909931
0,0,0,0,0,0,0,0,2.818212271,4.893909931
0,0,0,0,0,0,0,0,3.137121677,5.872692108
0,0,0,0,0,0,0,0,2.420337677,6.851473808
0,0,0,0,0,0,0,0,2.135511637,5.872692108
0,0,0,0,0,0,0,0,2.470358849,5.872692108
0,0,0,0,0,0,0,0,4.838711739,5.872692108
0,0,0,0,0,0,0,0,4.78365612,4.893909931
0,0,0,0,0,0,0,0,2.374099016,4.893909931
2,135.999176,136,0,1,0,0,0,1.720892191,4.893909931
0,0,0,0,0,0,0,0,1.168188453,4.893909931
0,0,0,0,0,0,0,0,0.900209904,3.915127993
0,0,0,0,0,0,0,0,0.775988996,3.915127993
0,0,0,0,0,0,0,0,0.757107317,3.915127993
2,147.65625,148,0,1,0,0,0,0.895151436,4.893909931
0,0,0,0,0,0,0,0,1.205765605,4.893909931
0,0,0,0,0,0,0,0,1.224882245,4.893909931
0,0,0,0,0,0,0,0,0.984719872,4.893909931
0,0,0,0,0,0,0,0,0.885874689,4.893909931
2,120.1853256,120,0,1,0,0,0,0.816402972,5.872692108
0,0,0,0,0,0,0,0,0.94885695,4.893909931
2,123.046875,123,0,1,0,0,0,1.561396718,4.893909931
0,0,0,0,0,0,0,0,2.556236982,4.893909931
0,0,0,0,0,0,0,0,4.772558689,4.893909931
0,0,0,0,0,0,0,0,17.54976082,4.893909931
3,198.7680359,199,0,0.5,215,0,0.5,2.553842068,4.893909931
0,0,0,0,0,0,0,0,2.229972601,3.915127993
2,132.5120239,133,0,1,0,0,0,2.182637692,5.252000809
2,198.7680359,199,0,1,0,0,0,2.457044363,4.655827999
0,0,0,0,0,0,0,0,2.046834707,5.220170498
0,0,0,0,0,0,0,0,1.682574153,5.940193653
0,0,0,0,0,0,0,0,7.247151852,5.16796875
0,0,0,0,0,0,0,0,18.11663055,6.15234375
0,0,0,0,0,0,0,0,0,7.599953651
0,0,0,0,0,0,0,0,0,6.625600815
