13.0863,1.77911e-05,1.20303
14.6063,2.24029e-05,1.23151
19.5086,2.34099e-05,1.38992
16.2279,4.36387e-05,0.967253
16.9927,0.000121951,0.893591
13.7717,0.00016018,0.901907
14.447,0.000191985,1.00737
15.8289,0.00026003,1.12384
12.7442,0.000230879,0.938931
10.2572,0.000277497,0.934719
9.32904,0.000329348,0.952413
9.59807,0.000381529,1.00792
7.1695,0.000412337,0.980739
7.52783,0.000462639,1.09098
9.10344,0.000464205,1.25107
12.6569,0.000454913,1.66328
13.2391,0.000391201,1.38624
14.2984,0.000320073,1.12584
9.90761,0.000186547,0.735216
8.66211,0.000140521,0.657983
8.13722,6.92922e-05,0.512292
8.70376,2.67028e-05,0.462877
10.1966,1.86123e-05,0.574789
10.5909,2.20572e-05,0.684808
10.5351,2.39502e-05,0.755621
9.61496,1.89703e-05,0.618845
8.18046,8.36381e-05,0.60784
7.02295,0.000103534,0.54743
5.7832,0.000118602,0.523901
9.58935,0.000203113,0.790978
9.49821,0.00018101,0.696902
6.28978,0.000167348,0.674417
6.6429,0.000290442,0.715068
8.45859,0.000435613,0.782544
9.22994,0.000507065,0.841095
6.56226,0.000403685,0.950651
6.79361,0.000388236,1.02654
6.35829,0.000327932,1.0002
8.7978,0.000330917,1.11528
10.6795,0.000348294,1.25062
10.4224,0.000371397,1.38141
9.64729,0.000353839,1.36793
10.4936,0.00029007,1.14272
9.07564,0.000148604,0.988173
7.79589,7.15428e-05,0.911214
10.0398,5.38312e-05,0.805849
10.6993,2.51816e-05,0.790655
10.3861,2.64569e-05,0.702471
14.7682,0.000113242,0.854666
11.3599,0.000166819,0.830381
10.6696,0.000181369,0.91818
17.7433,0.000278909,1.4026
17.1627,0.000257767,1.26782
10.9708,0.000295196,1.14422
12.412,0.000408542,1.26011
14.3426,0.000471085,1.52672
14.087,0.000472386,1.46143
17.2379,0.000508426,1.61447
15.7089,0.000405144,1.5743
15.4992,0.000293793,1.44054
17.6901,0.000276343,1.49407
14.5703,0.000217811,1.15695
13.3108,0.00021876,1.12651
12.1808,0.000203165,1.063
14.6481,0.000105816,1.04604
16.1266,5.16425e-05,1.03643
15.3146,4.79762e-05,0.902953
13.2065,4.6407e-05,0.746905
14.3331,4.70776e-05,0.741413
19.1919,8.85389e-05,0.821973
13.0231,0.000163278,0.656677
12.0081,0.000201431,0.599771
11.6174,0.000197123,0.631469
15.4176,0.000224712,0.682271
17.9268,0.000258664,0.756253
8.5096,0.000208712,0.657017
9.6933,0.000277959,0.880563
11.824,0.000370838,1.13899
7.66007,0.000339029,0.880846
7.81085,0.000415355,1.21394
7.48561,0.000367452,1.24098
7.9598,0.000313995,1.29464
7.19981,0.000263628,1.12983
6.49562,0.000246884,0.983541
5.95218,0.000249595,1.01437
6.50268,0.000235288,1.05389
6.27957,0.000172097,0.834919
7.66607,0.000164494,0.917985
7.67274,0.000132971,0.833039
9.76668,5.03445e-05,1.55274
9.80065,3.92107e-05,1.56728
9.56994,3.58879e-05,1.5595
9.80378,3.77661e-05,1.71399
11.1331,3.44337e-05,1.78695
13.0611,2.22156e-05,2.05867
13.3321,2.13352e-05,2.10507
15.4433,2.54491e-05,2.51021
18.4809,2.59567e-05,3.11554
19.5211,3.43309e-05,3.48803
19.2025,3.17544e-05,3.80771
17.5077,2.67429e-05,2.1961
19.117,2.8949e-05,2.06367
20.6318,2.73145e-05,1.96904
24.8267,4.15386e-05,2.29053
24.5007,4.50369e-05,2.75369
27.2198,4.44728e-05,3.2337
37.7821,6.05929e-05,4.92367
8.29272,6.26445e-05,20.1005
7.37871,5.30323e-05,21.4488
9.63415,8.13783e-05,28.6985
10.1032,7.63191e-05,25.7109
9.25036,6.83432e-05,23.0136
9.19214,0.000103737,21.8968
13.1901,0.000222986,39.7406
13.4237,0.000213631,35.6469
14.6101,0.000233643,38.1827
16.0057,0.000246317,42.4034
19.0159,0.000215976,40.5547
31.3674,0.00028581,37.7762
35.8264,0.000266438,42.2509
38.6841,0.000261551,44.4151
33.5412,0.000246177,40.3041
31.3689,0.000238078,38.6528
29.8817,0.000116461,38.7504
34.5014,9.98232e-05,41.672
35.4386,0.000112046,43.5693
36.1017,0.000150043,41.8965
36.6409,0.000164688,40.5396
30.0437,0.00016564,37.5191
23.4192,0.000169797,30.0311
20.1685,0.000196404,26.7971
21.3969,0.000195887,35.0805
20.6266,0.000179234,34.4555
18.0532,0.000153397,35.0277
12.0857,0.000136264,30.183
8.76742,0.000134886,30.57
8.15672,7.54026e-05,20.4627
7.64672,4.67123e-05,18.7405
7.13517,3.97835e-05,17.4224
6.85632,2.87961e-05,17.8476
5.73737,1.87629e-05,16.8254
6.25161,2.81403e-05,17.0107
6.55591,2.19071e-05,12.6919
6.43741,2.58856e-05,12.9333
6.18243,2.3055e-05,8.71463
6.27183,2.26109e-05,8.67449
13.5174,3.06866e-05,10.2143
11.5921,3.20075e-05,10.0212
11.4608,2.96141e-05,12.3795
12.4359,2.96541e-05,13.2446
12.784,3.37289e-05,13.8614
12.7169,3.19019e-05,14.1332
12.1658,3.21933e-05,12.5353
12.8636,3.33677e-05,13.0397
14.3055,3.80135e-05,13.8647
14.8976,6.66589e-05,15.001
17.3469,0.000133029,18.2022
10.7001,0.000206519,21.1367
9.17542,0.000196266,30.2809
9.45568,0.000204514,33.092
10.3187,0.000226322,36.2703
11.9396,0.000288488,43.1144
11.076,0.00038079,39.3067
10.9838,0.000375882,40.4468
10.631,0.000362887,38.58
11.6487,0.000458765,39.1968
11.3946,0.000393763,35.4355
13.7395,0.000394603,36.4025
14.6656,0.000373714,36.8219
14.7659,0.000364392,28.2188
14.3833,0.000353251,27.1721
14.3625,0.000317934,28.2002
14.3387,0.000218028,27.8656
14.0803,0.000219912,30.1124
12.022,0.000193181,27.9076
10.4897,0.0001816,28.8844
10.8081,9.8433e-05,32.8747
8.52058,5.52781e-05,29.0006
8.70875,5.17644e-05,30.7339
9.63491,5.20457e-05,33.2988
12.2429,5.99011e-05,35.4165
11.3197,5.33045e-05,32.1691
9.57958,5.03493e-05,27.2609
8.7189,4.67053e-05,27.7345
8.7285,5.4959e-05,41.4477
9.15263,6.92356e-05,41.453
10.7451,8.40258e-05,44.0945
16.3231,9.32288e-05,52.4419
15.6962,0.00015028,46.3694
16.367,0.000361622,44.0106
16.0655,0.00037872,43.0079
16.1112,0.000406704,45.8567
16.3149,0.00043792,49.5549
17.6683,0.000467283,52.6769
20.4402,0.000497957,45.8055
20.2403,0.000473336,34.3306
19.6631,0.000434365,32.9091
22.3287,0.000554443,43.1342
22.2778,0.000605269,42.4406
17.1618,0.000256164,41.8517
17.7948,0.000224454,53.3964
16.7115,0.000203475,57.3966
17.3227,0.000179614,53.1069
17.7331,0.000158057,51.5428
20.3836,0.000188982,60.9036
18.9924,0.000195767,59.1772
19.7459,0.000216412,66.4581
22.3331,0.000218356,75.7513
19.6699,0.000227925,71.8771
17.4869,0.000184246,79.0471
17.4709,0.000137022,87.7106
29.7,0.000157402,100.629
40.6054,0.000184712,101.487
31.2463,0.00016431,94.7063
2.43342,0.000128974,0.316649
3.13675,0.000187922,0.314321
3.41482,0.000201556,0.352574
4.38322,0.000244838,0.407025
4.99824,0.000271618,0.385456
5.01914,0.00025019,0.393094
3.23599,0.000152331,0.351291
3.11756,0.00015524,0.344183
2.91605,0.000143654,0.335919
2.79828,0.000137323,0.348143
2.51381,0.000125207,0.305166
2.66699,0.000143116,0.301101
3.16576,0.000170023,0.33315
3.24201,0.000195589,0.314983
4.02486,0.000220609,0.341528
3.81969,0.00021942,0.350804
3.46291,0.00020426,0.306319
5.5193,0.000338443,0.316363
5.92158,0.00037126,0.278309
6.18333,0.000390825,0.266835
6.40551,0.000402936,0.250284
5.31774,0.000315705,0.217324
5.21256,0.000305447,0.181828
5.33472,0.000270052,0.196551
6.95056,0.000340674,0.259363
5.01252,0.000269093,0.260412
8.04482,0.000378432,0.4242
8.86471,0.000389567,0.444117
10.041,0.000414098,0.51454
10.5212,0.000369298,0.510876
8.22758,0.000278068,0.488044
6.41098,0.000207452,0.388427
6.21896,0.000196204,0.417395
5.25641,0.000168304,0.464304
3.44299,0.000107417,0.410338
1.98792,6.22081e-05,0.355287
1.19593,3.33359e-05,0.371667
0.888413,2.44794e-05,0.354057
1.05274,2.72938e-05,0.393085
1.19307,2.68148e-05,0.43828
1.35575,3.36574e-05,0.465777
1.45679,5.08029e-05,0.470056
1.7,6.98413e-05,0.444393
2.37053,9.54832e-05,0.431494
3.10142,0.000128594,0.464281
3.70011,0.000175127,0.466599
3.95142,0.000189644,0.333473
5.65657,0.000303581,0.267255
5.79999,0.000310763,0.27019
6.29822,0.000376603,0.237213
7.08498,0.000412538,0.251375
8.75288,0.000560171,0.247078
10.7546,0.000589149,0.263053
12.0874,0.000669861,0.341352
11.2784,0.000605427,0.346076
10.7122,0.000577452,0.369646
10.1572,0.000542345,0.378295
10.1926,0.000547297,0.372243
8.61803,0.000453751,0.351479
8.20722,0.000421642,0.340934
7.19269,0.000354027,0.319051
6.59288,0.000316978,0.328873
5.10268,0.000207895,0.311346
2.88489,0.000138006,0.272748
2.00541,0.000108346,0.224716
1.80865,0.000108967,0.172275
2.91459,0.000157717,0.219866
3.38867,0.000195464,0.247398
5.41079,0.000389617,0.353809
5.41733,0.00044041,0.331852
4.92706,0.000431685,0.274788
4.65195,0.000390325,0.296461
3.89596,0.0003541,0.218268
4.17974,0.000359536,0.227928
4.12669,0.000353014,0.209084
4.18517,0.000351664,0.274808
4.18952,0.000359375,0.2499
3.68361,0.000307065,0.237838
3.46551,0.000232794,0.285581
3.2919,0.000181923,0.293738
4.08559,0.000123427,0.353346
4.86375,0.000129709,0.422339
4.56288,0.000124137,0.376931
4.36036,0.00011817,0.354906
7.25971,0.000224834,0.66668
11.3981,0.000389583,1.14898
11.4132,0.000396012,1.10008
11.4994,0.000393677,1.12498
11.1317,0.000386618,1.02765
9.40038,0.000363161,0.994991
7.9879,0.000296636,0.746584
7.0492,0.000256169,0.685419
6.43791,0.000239241,0.743602
4.33598,0.000157582,0.638414
3.84307,0.000172928,0.598659
3.48878,0.00018178,0.667791
3.18279,0.000208573,0.690436
2.86198,0.000211084,0.739323
3.06266,0.000240241,0.836866
3.19611,0.000274774,0.947719
4.36632,0.000383818,1.13234
4.67154,0.000435862,1.37738
4.85983,0.000518356,1.37949
11.3409,0.00137799,3.50487
11.7628,0.00167041,4.22697
11.134,0.00133721,4.03372
5.54275,0.000162819,2.81888
48.7585,0.00144059,54.487
46.5566,0.0014465,57.3681
51.3443,0.00166858,62.6915
62.0237,0.00205796,69.1144
51.8278,0.00181573,57.2183
50.8485,0.00187256,57.238
51.0891,0.00198194,58.0476
48.2997,0.00194048,55.5901
49.591,0.0020207,57.6258
53.5818,0.00212955,57.1178
55.0388,0.00212784,59.5145
51.6734,0.00200022,57.2636
52.2405,0.00210553,57.4569
53.3648,0.00223411,61.376
43.5374,0.00186966,55.9723
40.7971,0.00173443,55.3712
42.2754,0.00174543,57.5603
46.1166,0.00188719,60.0375
49.7183,0.00196664,62.6908
34.1758,0.000953276,34.0065
39.2191,0.000864133,33.0168
40.6426,0.000855427,31.0773
40.7503,0.000773872,28.8522
38.7004,0.000575298,26.5125
37.8044,0.000480095,23.6122
36.828,0.000423434,20.8473
34.3193,0.000338517,17.3874
33.0495,0.000280117,14.2357
30.4323,0.000194557,11.2197
23.9084,0.000128212,9.09848
8.78346,8.37873e-05,3.95837
17.3677,9.3864e-05,4.78621
9.57865,3.04635e-05,2.96466
8.33274,3.80518e-05,3.04334
16.1657,2.17153e-05,5.69794
25.1704,7.26935e-05,10.5687
31.5286,8.70305e-05,12.2896
31.8834,9.20369e-05,12.1967
32.8766,9.48901e-05,12.411
31.0737,8.93053e-05,11.5693
31.6571,9.05071e-05,11.5905
34.1049,9.63824e-05,12.2428
35.8534,9.98828e-05,12.5938
37.2501,0.000102016,12.7828
31.3124,9.63972e-05,11.3619
19.2967,9.15132e-05,7.90878
21.6424,7.5315e-05,6.41575
14.3241,9.55115e-05,5.20633
8.5699,4.03328e-05,4.60844
6.65218,3.10045e-05,3.5033
32.5964,0.000140107,6.77631
48.8445,0.000144426,9.45445
51.9832,0.000155704,10.6331
50.4739,0.000150626,10.4612
50.8542,0.000153108,10.6251
49.6891,0.000151456,10.5045
48.3487,0.00014885,10.3269
49.3118,0.000153301,10.6648
50.206,0.000157531,11.011
51.3131,0.000162839,11.4093
35.1127,0.000114186,7.2123
20.3927,5.11151e-05,5.36406
10.9068,4.98079e-05,5.00419
8.21715,3.23344e-05,2.7445
8.89257,4.48159e-05,5.4427
16.8786,0.000149349,4.07249
32.8131,0.000197931,7.36038
41.1417,0.000225202,9.31058
43.9504,0.000254581,10.2104
41.8125,0.000237686,9.72179
44.2883,0.00025089,10.3777
44.5956,0.000252234,10.5326
44.9578,0.000254333,10.6852
41.7422,0.000236649,9.9911
43.0266,0.000244971,10.3631
36.6438,0.000246925,8.35681
21.6892,0.000130168,7.51538
11.664,0.000100242,4.72266
14.6929,0.000147071,3.97815
11.6995,6.33817e-05,3.01477
15.1864,0.000122106,5.84099
10.701,9.54873e-05,4.01679
21.8836,0.000234958,6.43158
21.3805,0.000149407,5.79422
17.7046,0.000112955,3.58512
27.1156,0.000110441,2.45299
24.6982,6.87826e-05,1.35308
23.176,6.17624e-05,0.982983
22.2918,6.1867e-05,0.761136
22.1526,6.15457e-05,0.643512
20.7217,5.77805e-05,0.5748
19.3586,4.67123e-05,0.412286
18.2307,3.61728e-05,0.343786
16.0897,2.94593e-05,0.285142
17.0161,3.01868e-05,0.283396
15.6598,2.57173e-05,0.229183
4.64629,2.18556e-05,0.195231
1.68834,1.72118e-05,0.116896
3.53056,2.84857e-05,0.202216
6.22836,2.46253e-05,0.342407
5.38205,1.62285e-05,0.299994
7.8793,3.61237e-05,0.647965
8.84881,4.33061e-05,0.832322
10.6975,0.000117494,2.12386
13.2399,0.000183938,4.48439
24.0157,0.000353672,6.27105
91.8102,0.000513411,24.1138
3.61156,9.94166e-05,2.32872
4.71711,0.000176824,2.66023
7.49335,0.000286884,2.99544
9.94796,0.000343006,3.8756
14.5762,0.000459717,5.82101
6.04202,0.000159384,2.48666
7.28115,0.000167262,4.26583
7.35824,0.000165141,4.99387
8.18451,0.000175372,8.30603
9.49503,0.000209734,11.299
11.6192,0.000216749,12.6618
16.2211,0.000281196,16.7125
17.5613,0.000265173,20.1822
16.5516,0.000225675,19.5224
16.3347,0.000193716,19.1567
16.3795,0.000183942,22.2465
14.7425,0.00017307,20.8287
14.5476,0.000161872,22.5751
15.2484,0.000180024,24.6241
15.4619,0.000175928,28.6101
15.9381,0.000170659,29.2032
15.4491,0.000176873,33.8922
14.9825,0.000168649,33.0678
19.38,0.000212392,35.8529
23.3693,0.000256131,36.842
25.3157,0.000297507,35.6216
27.2425,0.000307362,36.9348
32.3963,0.000358008,42.2569
34.6786,0.000355882,41.281
39.77,0.000397693,43.9851
42.9164,0.000402105,42.0583
39.3454,0.000382815,36.6379
42.3007,0.000407394,37.7958
42.0801,0.000398321,39.6068
39.8599,0.000375326,42.2677
25.819,0.000271378,33.726
18.5016,0.000189903,27.6454
16.5937,0.000201022,22.2076
14.3796,0.00018211,20.9084
10.3384,0.000157378,15.4109
8.83021,0.000175467,16.5736
9.14955,0.000192344,18.086
9.75243,0.000191814,18.9674
8.51523,0.000168175,17.1459
8.23571,0.000195907,16.0225
7.62757,0.000223449,14.1223
7.01157,0.000209083,12.9463
6.09523,0.000212962,14.3032
5.72554,0.00020647,14.6639
5.62736,0.000215653,14.46
6.66625,0.000242267,18.77
7.16886,0.000244187,18.4997
6.62009,0.000206147,14.563
7.25559,0.000200167,13.9892
8.03866,0.000189424,12.3008
20.2507,0.000316956,27.8148
26.6394,0.000291185,33.6845
33.2165,0.000334508,35.1081
40.9264,0.00029865,32.1149
47.6441,0.000285883,35.383
44.1807,0.00026028,33.4529
41.9816,0.000239508,30.0913
42.5296,0.00023437,33.2931
42.482,0.000214012,34.9821
39.0147,0.000201846,34.8036
38.244,0.000198037,38.3523
33.7384,0.000198899,40.1965
27.4807,0.000177087,35.2228
21.3265,0.000163597,32.2745
13.0917,0.000159204,30.8559
9.18149,0.000157389,29.6507
9.94497,0.000161984,35.5159
9.18459,0.000159007,34.6445
7.88843,0.000161317,33.0919
6.11907,0.000164384,33.9748
5.79967,0.000153097,31.6153
5.14731,0.000131761,27.4326
4.39417,9.45797e-05,20.6582
4.07099,7.67459e-05,27.1752
4.87341,6.65285e-05,45.9058
3.80751,4.65677e-05,46.8163
4.91851,6.54764e-05,56.4988
5.52869,6.34949e-05,54.0383
5.9596,7.28982e-05,56.4889
6.54655,8.18754e-05,56.4568
8.73047,8.93993e-05,56.122
9.62285,8.74039e-05,53.6546
5.22999,4.68408e-05,26.2538
7.86967,5.13069e-05,27.8601
7.96255,4.90102e-05,22.1273
7.02438,4.89253e-05,13.6779
6.81215,4.89097e-05,6.49854
7.77766,4.42759e-05,3.89633
7.47001,3.94258e-05,4.01706
8.70907,4.14428e-05,4.48522
9.92366,4.31812e-05,5.56289
10.241,4.18665e-05,5.83988
9.40725,4.16075e-05,5.48177
16.5144,6.95339e-05,10.1899
23.1438,0.00011113,16.2066
27.6434,0.000125778,19.283
29.7377,9.36232e-05,16.4908
26.8738,8.55659e-05,19.3313
24.054,6.85619e-05,20.7661
25.9152,6.91474e-05,18.0785
20.75,7.93596e-05,19.504
24.3228,7.8291e-05,9.50544
3.12866,8.85417e-05,2.54222
2.2133,6.5412e-05,2.14029
1.93684,5.76336e-05,1.81697
1.67656,5.134e-05,1.64077
1.24442,3.97768e-05,1.22464
1.42305,4.76312e-05,1.20125
1.42911,6.30853e-05,1.05967
1.45026,6.44068e-05,1.09937
2.21964,9.46138e-05,1.49541
2.37524,9.93602e-05,1.54911
2.61269,0.000111825,1.60493
0.833576,3.25352e-05,0.571812
0.980655,3.6172e-05,0.635545
1.20349,4.08367e-05,0.722158
1.44986,4.4426e-05,0.775304
1.48456,4.41399e-05,0.722587
1.26083,3.99432e-05,0.630064
1.08937,2.82348e-05,0.634698
1.09521,2.73199e-05,0.608397
6.18333,0.000390825,0.266835
2.69891,7.03982e-05,0.725352
3.83017,9.9237e-05,0.879235
4.94532,0.000130144,0.896533
6.5531,0.000177328,1.24054
6.91724,0.000197142,1.40685
13.5885,0.000365841,1.77298
16.3796,0.000431566,1.93955
19.25,0.000508272,2.46974
18.5757,0.000482017,2.36625
20.175,0.000528787,2.61357
22.8031,0.000574423,3.07108
20.9097,0.000550033,2.76161
22.9486,0.000601397,2.80586
23.7419,0.000618698,3.04616
22.7558,0.000594091,2.89785
23.0586,0.000598796,2.92895
19.5255,0.000510741,2.97653
20.4058,0.000536703,3.09599
17.7876,0.000460738,2.47019
16.3098,0.000424825,2.4831
15.8567,0.000409118,2.45862
12.7077,0.000326621,2.16338
11.9321,0.000310278,2.73559
11.0553,0.000284393,2.44192
3.73588,9.41302e-05,1.19683
4.33764,0.000107071,1.39064
5.35362,0.000143817,1.53742
10.7825,0.000310528,1.17821
20.5803,0.000799938,1.28948
31.1947,0.0012928,1.62916
29.7552,0.00124687,1.49404
26.9575,0.00113745,1.31593
28.1267,0.00130934,2.05352
30.3118,0.00146091,2.37631
31.5081,0.00153371,2.51418
34.4236,0.0016777,2.87746
36.8678,0.00179586,3.26881
35.882,0.00175249,3.37909
36.3458,0.00174733,3.3023
35.9437,0.00146615,3.07424
34.1265,0.00147191,3.43525
35.0005,0.00161962,3.71143
36.9315,0.0017002,3.97597
36.4364,0.0014839,3.55475
34.5897,0.00133172,3.1937
37.1832,0.0013716,3.60679
46.0676,0.00168451,3.15797
49.5614,0.00201025,2.86737
63.7983,0.00244162,3.05657
73.545,0.00277606,3.52299
79.6319,0.00288212,3.53622
111.747,0.00379683,4.24576
131.581,0.0046263,4.94516
156.896,0.00571412,5.05157
155.699,0.00631882,4.2553
177.707,0.00745695,4.43221
179.763,0.0077189,4.54888
158.93,0.00700338,4.08506
155.024,0.00675082,3.85462
146.285,0.00659101,4.00669
121.643,0.00591546,3.82709
115.954,0.00584065,4.08698
116.482,0.00587447,3.93703
109.52,0.00551528,3.47352
92.3053,0.00445772,3.02338
82.8813,0.00362909,3.33953
58.3655,0.00258521,2.92145
52.0973,0.0021547,2.88145
44.2326,0.00169191,2.72274
43.6044,0.00159525,2.80333
38.7417,0.00143945,2.3454
42.0704,0.00155826,2.91927
42.6115,0.00159667,2.96314
37.3517,0.00134537,2.80158
29.7965,0.000968904,2.76155
29.3437,0.000892475,1.97579
33.4822,0.00101629,2.37072
38.8163,0.00115769,2.47359
41.3054,0.00120995,2.52546
43.1091,0.0012706,2.68838
45.5724,0.0013683,2.88166
45.1628,0.00137808,2.80577
50.536,0.00154575,2.56458
64.2575,0.00196745,2.35102
83.8903,0.00260455,2.60258
76.6026,0.00245018,3.37822
54.9072,0.00176382,4.18974
0.374656,2.31375e-05,0.2102
0.415627,2.54453e-05,0.228396
0.455952,2.79489e-05,0.250779
0.479232,2.90307e-05,0.265752
0.390207,2.534e-05,0.209323
0.337063,2.20961e-05,0.199918
0.363792,2.47664e-05,0.204948
0.515574,3.41641e-05,0.276277
0.429866,3.17885e-05,0.231336
0.422834,3.06497e-05,0.231123
0.364957,2.72661e-05,0.199752
0.34933,2.57279e-05,0.187915
0.280808,2.04704e-05,0.154301
0.294452,2.13883e-05,0.165375
0.416007,2.13773e-05,0.193698
0.244691,1.62254e-05,0.0978387
0.19173,1.23431e-05,0.0611798
0.332294,1.68273e-05,0.0918501
0.312284,1.33713e-05,0.0916841
0.14055,6.65259e-06,0.0233245
0.119743,5.23841e-06,0.0295135
0.153045,4.93704e-06,0.0578751
0.232542,5.77379e-06,0.085926
1.6312,5.04162e-05,0.273042
0.435987,7.01523e-06,0.0927783
0.69974,9.1516e-06,0.154964
0.931153,1.08716e-05,0.210017
1.08774,1.21345e-05,0.204732
1.35306,1.61219e-05,0.253443
1.46901,1.62142e-05,0.245536
1.43413,1.61279e-05,0.241964
1.31691,1.47642e-05,0.206919
1.32082,1.49161e-05,0.204196
1.30331,1.4714e-05,0.193597
1.41819,1.37979e-05,0.215032
1.29367,1.30729e-05,0.173329
1.29179,1.38311e-05,0.144369
1.20588,1.23039e-05,0.105917
1.71898,1.72018e-05,0.15925
1.6751,1.7197e-05,0.159475
1.67519,1.58755e-05,0.141329
1.76379,1.61383e-05,0.151718
1.57474,1.28232e-05,0.13051
1.53184,1.26344e-05,0.149836
1.37561,1.08777e-05,0.130121
1.23747,8.65008e-06,0.103291
0.883996,7.59851e-06,0.0624314
0.700191,7.43309e-06,0.0392598
0.672654,7.53712e-06,0.0281848
0.975206,1.05756e-05,0.0606819
1.30844,1.17656e-05,0.0533662
2.03529,1.57509e-05,0.100729
3.67304,2.72602e-05,0.1928
4.67086,3.90989e-05,0.444397
1.46486,1.87344e-05,0.19512
1.9031,0.000121642,0.236743
2.83577,0.00020404,0.315187
3.75249,0.000279786,0.397598
4.29057,0.000321753,0.440834
4.2089,0.000320212,0.429358
3.88101,0.000300247,0.399619
3.28761,0.000261409,0.352267
3.01037,0.00024053,0.315128
3.27751,0.000264415,0.34413
3.74276,0.000300619,0.373381
4.6014,0.000335246,0.335642
5.5799,0.000405456,0.444177
5.10638,0.000331881,0.413155
4.86239,0.000296029,0.377647
4.58984,0.000273278,0.308434
3.87126,0.000228351,0.255309
4.32429,0.000247461,0.313458
4.53393,0.0002684,0.298075
5.25657,0.000300396,0.33029
5.33453,0.000298741,0.32377
4.98167,0.000277677,0.294576
5.74759,0.000264685,0.374187
5.24216,0.000168426,0.28207
6.77666,0.000156494,0.315233
5.48324,7.87437e-05,0.318215
7.64671,5.73049e-05,0.539278
6.93772,3.67033e-05,0.650631
11.0478,5.1273e-05,1.03154
12.1904,4.5615e-05,0.981849
1.99431,1.12759e-05,0.205589
0.93884,3.05987e-05,0.116733
1.33473,5.67829e-05,0.180344
1.76892,7.86405e-05,0.366238
2.14183,9.73048e-05,0.481315
2.23569,9.74369e-05,0.518022
2.13058,8.96477e-05,0.475234
2.05773,8.17472e-05,0.434647
2.36488,9.30304e-05,0.484873
2.59755,0.000102602,0.53919
2.6303,0.000105722,0.554066
2.58872,0.000107127,0.542946
2.8996,9.03279e-05,0.638868
3.5386,8.41227e-05,0.649476
3.62141,5.50241e-05,0.448727
4.73396,5.50108e-05,0.521437
5.3761,5.16884e-05,0.312381
5.74349,4.33644e-05,0.307403
5.25033,3.18869e-05,0.239673
7.04889,3.50946e-05,0.247447
9.71258,3.44092e-05,0.278919
14.356,4.35558e-05,0.374473
27.989,8.70807e-05,0.59768
1.0984,4.43205e-06,0.14685
1.14775,9.29564e-06,0.154413
0.505004,1.27511e-05,0.0824151
0.334607,1.21473e-05,0.0364716
0.33789,1.43355e-05,0.0383873
0.333796,1.59321e-05,0.0279423
0.424762,1.73591e-05,0.0286399
0.404025,1.8691e-05,0.0480402
0.355871,1.94281e-05,0.0282369
0.404719,9.5588e-06,0.0220972
0.544313,1.22143e-05,0.0536273
0.716741,1.57894e-05,0.0998277
0.878812,1.68083e-05,0.114585
0.576394,1.18557e-05,0.081256
0.6375,1.8083e-05,0.094567
0.642201,2.03753e-05,0.0844024
0.638656,2.17958e-05,0.08636
0.676542,2.40427e-05,0.087014
0.610791,2.45019e-05,0.0715013
0.644515,2.63577e-05,0.07454
1.00269,3.32954e-05,0.0876982
1.27876,3.84172e-05,0.0678041
1.36288,3.72366e-05,0.047315
1.67457,4.33877e-05,0.041763
2.34698,6.43661e-05,0.0756566
1.31912,2.61787e-05,0.0890684
1.63919,2.94457e-05,0.15304
2.12731,3.85601e-05,0.25477
2.64673,5.03963e-05,0.32389
2.22968,4.34664e-05,0.272962
2.43021,4.50138e-05,0.262106
2.99849,4.21506e-05,0.240887
3.28052,4.00275e-05,0.231918
3.44044,3.8999e-05,0.233821
3.51684,3.63366e-05,0.246002
3.1109,2.82527e-05,0.209843
2.86155,2.49846e-05,0.183774
2.68067,2.15653e-05,0.148849
2.77739,1.98576e-05,0.152423
2.74437,1.9042e-05,0.146313
2.60522,1.83888e-05,0.126552
2.43569,2.21037e-05,0.150072
2.379,2.52838e-05,0.16815
2.19658,3.37162e-05,0.231298
1.68769,3.57755e-05,0.212998
1.4617,3.7204e-05,0.228903
1.39633,3.92173e-05,0.249435
1.75431,5.5564e-05,0.245025
1.95353,6.0463e-05,0.208802
1.89046,6.62129e-05,0.185591
2.0429,6.77893e-05,0.136947
1.77516,5.50651e-05,0.106157
1.2914,3.77666e-05,0.0892233
1.33715,3.62215e-05,0.0964187
1.74808,6.2336e-05,0.132923
1.40888,6.13039e-05,0.0874369
0.429168,2.67675e-05,0.0316083
0.472917,3.12619e-05,0.0421997
0.554369,3.83901e-05,0.0492681
0.698973,4.27175e-05,0.0987427
0.644238,4.0074e-05,0.103036
0.590644,4.30933e-05,0.0631965
0.619016,4.58927e-05,0.0501425
0.836907,6.25666e-05,0.0961658
1.05754,7.88573e-05,0.0576264
1.28621,9.65396e-05,0.0720299
1.4099,0.00010604,0.0749189
1.67032,0.000121257,0.0430469
1.90797,0.000134769,0.0815477
1.50908,0.000112289,0.0435509
2.08748,0.000154809,0.0392169
2.85494,0.00015309,0.0845156
1.90974,0.000104299,0.0806896
1.79362,9.24191e-05,0.152086
1.6903,8.38728e-05,0.157129
1.69712,8.12774e-05,0.188658
1.45118,6.89549e-05,0.192228
1.37375,3.23676e-05,0.124149
1.83816,2.88381e-05,0.131399
2.27354,2.72921e-05,0.168447
2.52801,2.66474e-05,0.182407
2.72242,2.32256e-05,0.194314
2.91003,2.28372e-05,0.215463
2.60375,1.7781e-05,0.170365
2.18822,1.28986e-05,0.135853
1.88557,9.94407e-06,0.115536
1.97169,1.09684e-05,0.114513
2.31017,1.43944e-05,0.129825
2.03261,1.64919e-05,0.128712
2.2004,2.79072e-05,0.187861
1.91267,4.06658e-05,0.204655
2.57626,4.28848e-05,0.168785
7.49395,5.71564e-05,0.199842
9.74706,6.35286e-05,0.190356
13.9759,8.84312e-05,0.179859
14.7796,9.35263e-05,0.115659
14.4125,8.32516e-05,0.0854892
14.315,6.98505e-05,0.0578655
15.0544,6.20646e-05,0.0358268
16.1028,5.8284e-05,0.0573626
17.6838,5.60583e-05,0.0256225
20.2036,5.67849e-05,0.0424884
20.752,5.93254e-05,0.0459904
24.3852,0.000118433,0.0709874
31.3658,0.000248372,0.441763
17.3074,0.000248859,0.20032
11.3281,0.000247984,0.20939
52.8165,0.00152353,33.1382
46.6142,0.00136768,32.3042
62.3219,0.00180769,44.5912
84.9712,0.00252432,62.0793
116.392,0.00350578,68.9926
126.374,0.00384103,69.5243
121.143,0.00371808,71.0893
116.605,0.00362651,69.2841
108.05,0.00340136,62.6198
100.692,0.00312191,58.0513
114.621,0.00351533,65.3061
109.088,0.00336571,57.741
125.733,0.00363054,46.4991
120.744,0.00343325,39.11
78.5917,0.00233497,33.1074
72.8271,0.00234949,35.369
69.4382,0.00229347,35.4609
69.5122,0.00243567,35.8492
72.7786,0.0025733,40.2288
75.6588,0.00295064,42.9439
71.8303,0.00289066,40.0675
65.306,0.00267821,35.6947
64.42,0.0028349,35.6691
46.0668,0.00260119,31.7275
37.7207,0.00217893,26.9653
33.387,0.00157462,23.6172
29.6804,0.00142507,23.9563
26.8577,0.00170765,23.3368
18.5662,0.00131892,17.8609
19.1464,0.00140837,20.402
21.7889,0.00172076,21.4628
16.678,0.00160481,20.6217
19.8931,0.00216909,23.5855
21.6552,0.00243629,25.4817
23.1094,0.00255081,27.7349
23.4426,0.00278232,29.1546
27.094,0.00300841,30.9771
27.8993,0.0031086,30.8714
29.1069,0.00285944,29.1951
29.2473,0.0027967,26.1944
30.1232,0.00281879,26.755
26.9806,0.00248373,25.9951
34.1053,0.00294673,31.3405
33.0405,0.00266559,31.393
28.8421,0.0022532,28.4737
28.0608,0.00193909,25.2992
28.0868,0.00138566,20.3653
25.1337,0.0010863,19.6576
27.4184,0.000887917,19.6959
31.2407,0.000987091,24.3902
35.3744,0.0008865,26.6509
40.4824,0.000979548,26.4843
46.4283,0.00109907,28.7173
46.8368,0.0010993,28.5724
47.365,0.00104024,29.4696
50.1673,0.00109335,31.5066
48.4489,0.00109055,33.2042
48.7236,0.00112157,31.5069
51.2527,0.00111995,32.9033
57.8126,0.0012888,35.3898
49.4858,0.00117097,31.5265
43.5269,0.00109016,28.807
23.2349,0.000555256,17.2056
20.5279,0.000525794,14.4667
26.4966,0.000685198,15.4985
30.5675,0.000853029,22.1467
43.5825,0.00129757,29.4891
48.5724,0.00143977,32.9545
54.3279,0.00162231,35.6309
56.763,0.00170966,41.432
69.4559,0.00208176,44.8062
77.0014,0.00227983,48.839
82.0983,0.00242997,54.4222
84.1277,0.00248825,58.5463
91.4892,0.00271719,61.0752
83.0813,0.00250745,55.9677
100.86,0.00299441,59.3082
93.9578,0.00277656,54.7737
112.389,0.00331898,61.7289
102.811,0.00303321,55.145
106.289,0.00308162,49.1099
83.8871,0.00248484,44.7917
78.1895,0.00248952,40.9436
77.3328,0.00256234,33.8673
69.7053,0.00237425,28.1205
74.0836,0.00276607,35.0149
73.4277,0.00254543,32.9741
48.5936,0.0017977,32.0032
46.646,0.00176648,32.2692
52.2723,0.00186627,36.2109
54.4546,0.00214091,41.7152
54.6738,0.00227843,40.8813
54.6616,0.00224661,36.9336
53.3083,0.00201457,33.3688
49.9444,0.00177118,30.9458
71.3454,0.00238594,39.9751
79.9694,0.00254866,45.7894
72.9204,0.0025147,41.2665
78.4697,0.00265701,38.6659
78.4356,0.0026096,35.1142
75.1552,0.00279135,27.3985
77.1046,0.00221375,23.2274
64.8851,0.00182112,24.8216
71.1897,0.00122422,29.4302
75.8374,0.00129966,33.1679
84.8778,0.00121613,40.43
49.9181,0.00135698,61.9473
2.17568,2.72208e-05,5.40141
1.80177,1.43883e-05,6.09866
0.843997,5.39931e-06,3.1841
0.851231,7.20723e-06,3.09651
0.873479,1.10224e-05,3.59608
0.528845,7.01206e-06,2.26625
0.719603,1.58653e-05,2.19095
1.03976,1.75543e-05,2.25113
1.20053,1.85555e-05,2.33489
1.64523,3.83114e-05,2.72353
1.73915,4.61477e-05,2.80962
1.78942,4.7175e-05,2.84363
2.02924,5.78233e-05,2.84835
2.06684,6.13742e-05,2.89737
1.98793,5.94924e-05,2.55557
2.09443,6.25973e-05,2.76382
2.22047,6.54454e-05,2.77998
1.83084,5.81493e-05,2.79029
3.35307,0.000235352,11.7462
5.07085,0.000473793,21.8714
6.04419,0.000599399,27.9836
5.92028,0.000604825,26.8793
6.38173,0.0006526,28.7401
5.8659,0.000614782,27.9647
5.94664,0.000620959,28.676
5.98869,0.000628303,30.1677
6.17012,0.000633588,31.2307
6.54686,0.000664344,33.3499
5.85863,0.00057727,29.5624
4.53799,0.000385,22.3637
2.10648,0.000118922,11.9812
1.94992,0.000102665,12.0044
1.48069,5.02156e-05,12.6795
1.41123,3.38411e-05,12.7187
1.38537,3.19703e-05,12.7845
1.53573,3.14898e-05,13.4293
1.40992,2.65297e-05,11.5406
1.15408,2.27497e-05,11.2194
1.14474,2.20231e-05,10.9573
1.48271,2.69866e-05,16.2078
2.1248,3.43679e-05,21.2684
2.03494,2.39818e-05,25.8187
1.98656,1.43793e-05,23.7077
3.89639,1.79073e-05,22.5866
4.17498,1.5605e-05,13.2471
4.67684,2.27605e-05,7.91803
4.24298,1.66194e-05,4.71967
5.03262,2.03264e-05,5.00545
5.07637,1.80572e-05,4.43845
7.0992,2.14236e-05,4.47449
8.86738,1.94612e-05,4.43203
10.1699,1.93255e-05,4.44506
10.3212,1.95885e-05,4.69396
11.4226,2.13287e-05,5.06089
11.3794,2.04893e-05,4.92027
12.2467,1.95361e-05,5.0001
11.151,1.47725e-05,4.51244
10.9016,1.32855e-05,4.21459
9.77405,6.58677e-06,3.48486
11.9547,6.48453e-06,4.14372
12.3853,8.78015e-06,4.53356
14.4362,9.13142e-06,7.19458
23.3797,7.71943e-06,11.5396
28.5178,1.12777e-05,12.7781
27.1385,9.72439e-06,12.8985
25.2232,1.06564e-05,13.9182
20.9183,5.77497e-06,13.3052
18.1735,9.42564e-06,13.1243
13.7678,6.47166e-06,12.4069
12.4959,8.64231e-06,16.5365
10.8576,1.05962e-05,15.3004
8.69906,8.78457e-06,14.3152
7.62753,9.36027e-06,13.5079
4.90384,8.28923e-06,11.8253
2.65729,6.76992e-06,10.2631
2.37266,5.59878e-06,7.78439
2.44445,5.64814e-06,4.2896
2.26231,7.09557e-06,3.44424
1.71444,5.58861e-06,2.0817
1.16961,3.631e-06,1.12306
1.03354,5.82566e-06,0.458715
0.871733,5.45696e-06,0.316478
1.1414,5.12835e-06,0.351889
1.01446,7.75006e-06,0.268137
2.83741,1.48896e-05,0.743407
2.22321,1.31522e-05,0.612845
1.21546,6.38569e-06,0.44788
1.36276,6.86952e-06,0.434192
1.28984,5.79232e-06,0.351578
1.62258,5.32604e-06,0.581019
1.64019,5.20379e-06,0.607469
1.83842,6.20466e-06,0.736916
1.95834,6.992e-06,0.876512
2.03005,5.91043e-06,1.10223
2.18573,7.51404e-06,1.61957
2.21414,7.68427e-06,2.21305
2.36026,9.72038e-06,2.84401
2.1746,8.3055e-06,2.86182
1.96582,8.50589e-06,3.09355
1.61959,7.39517e-06,3.09803
2.56631,1.50231e-05,6.25492
2.29735,1.24828e-05,7.06577
2.17664,1.43416e-05,8.03148
1.92631,1.66422e-05,9.63192
1.20298,1.2522e-05,10.4728
1.31416,1.94635e-05,10.3505
2.55025,3.83252e-05,6.13128
24.4706,0.00067687,34.471
29.3872,0.000834478,38.5522
29.2864,0.000833574,41.4874
32.5804,0.000951581,44.531
30.3497,0.00086492,37.7766
26.4574,0.00075839,34.3517
25.6844,0.000777472,30.2469
28.2232,0.000851061,31.6457
27.7792,0.000832889,30.1629
27.4196,0.000805172,27.321
25.1442,0.000753475,24.4693
27.3025,0.000923075,29.143
29.7622,0.000957303,43.883
26.338,0.000818076,43.5971
27.9601,0.00085038,46.7004
30.779,0.000896141,50.2035
30.6823,0.000889227,49.9896
30.0311,0.000857663,48.719
29.018,0.000845833,48.7157
31.3107,0.000929782,52.8812
32.2517,0.000932585,51.6928
32.0175,0.000899418,50.5463
31.485,0.000844826,48.9844
29.7444,0.000863172,38.9914
29.286,0.000861302,32.5357
27.6211,0.000822805,27.8152
25.9481,0.000832722,25.6357
23.7433,0.000757832,22.834
23.5982,0.00073308,22.5589
25.5259,0.00078839,21.942
21.7582,0.000680746,19.0354
16.9966,0.00054973,17.2316
10.5737,0.000311567,16.9433
11.2289,0.000336846,19.0798
12.3594,0.000357947,21.6107
12.6785,0.000371348,22.5076
13.6058,0.00039611,23.0038
14.0096,0.000398371,23.2525
15.6325,0.000452832,25.5285
18.1552,0.000535378,28.5987
17.947,0.000539759,28.1353
17.908,0.000532561,29.0178
16.5424,0.000502098,24.2584
17.5479,0.000580421,22.8076
28.1349,0.000965119,32.6358
26.8126,0.00100731,33.7987
28.3503,0.00109111,37.8742
28.0181,0.00102829,41.4209
30.642,0.00116357,48.122
28.7044,0.00107475,51.6727
30.2153,0.00112625,56.3324
29.7067,0.00106847,54.4098
27.1666,0.000973348,48.491
29.5277,0.00103684,63.457
25.9856,0.00090941,73.4782
29.2377,0.00105802,85.773
31.229,0.00109803,89.3136
28.1066,0.00104447,82.64
26.6352,0.00104991,77.3056
24.3579,0.000916956,71.2255
22.9798,0.000910527,67.7314
22.4901,0.000950898,67.9674
24.2404,0.00104265,75.522
25.8638,0.00113158,79.1035
25.5702,0.00111364,68.5218
27.5719,0.00122867,66.3342
26.4268,0.00115558,64.3267
24.8328,0.00103014,65.8481
23.5583,0.00101123,63.3493
20.8358,0.000886148,59.5311
19.9787,0.000873309,61.0729
18.3445,0.000757252,56.4379
19.7364,0.00078489,58.8069
11.8432,0.000466852,38.327
11.6735,0.00051886,46.4113
13.8166,0.000666705,58.5581
17.6436,0.000912087,72.6409
20.0786,0.000997908,87.0905
21.4897,0.00115413,93.4469
23.8852,0.00120256,107.629
26.7334,0.00136486,125.533
29.1254,0.00153036,134.81
31.0531,0.00160989,167.944
32.4899,0.001708,186.037
33.6172,0.00176315,221.199
39.9072,0.00210434,275.094
42.3221,0.0021186,333.7
41.3595,0.00210709,342.289
41.2386,0.00222586,396.492
38.0826,0.00206141,404.528
38.3103,0.00231383,483.563
35.735,0.00222822,497.192
31.848,0.00204972,498.509
26.4188,0.00174457,400.499
23.7396,0.00151781,357.907
34.0639,0.00131988,253.861
45.4368,0.00113923,235.952
47.8084,0.00115641,222.506
48.6535,0.00100838,192.847
53.2629,0.00105431,174.472
58.8176,0.000983457,158.619
58.0231,0.000512042,89.1433
69.3231,0.000498634,48.9082
86.2373,0.000557934,34.6948
110.162,0.000671867,30.1467
134.456,0.000643878,23.5704
91.8102,0.000513411,24.1138
2.26085,0.000130574,2.04539
2.37408,0.000152588,2.72597
2.75677,0.000180908,3.50226
2.79576,0.000202402,3.74732
2.46557,0.000180567,3.67532
2.43556,0.000193586,3.7861
2.72839,0.000228668,4.00926
2.8682,0.000251544,4.12943
2.9472,0.000278814,4.13814
2.92645,0.000309842,4.14398
3.08764,0.000334982,4.02647
3.02268,0.000344997,3.63806
2.96708,0.000377687,2.81125
4.7905,0.000553128,3.54434
5.32021,0.000636365,3.7639
6.14177,0.00070288,3.71278
7.4322,0.000731367,4.04949
10.1853,0.000896122,5.02525
10.7093,0.000899729,4.961
9.5186,0.000678082,4.47833
8.64672,0.000586841,3.87615
12.1812,0.000745754,5.05846
16.9093,0.000921062,6.49486
19.3467,0.000940216,7.41783
20.7043,0.000938223,8.08987
20.5571,0.000969954,8.25338
16.9402,0.000953447,6.85917
20.6922,0.00107044,8.14464
23.2378,0.00107249,8.81323
21.6964,0.00102924,8.36232
23.3215,0.0012183,9.505
22.3135,0.0011686,10.3021
25.0106,0.00119894,11.8929
28.9965,0.00150616,14.5771
30.4662,0.00160374,16.9734
30.7696,0.00161257,18.2967
30.4927,0.00125837,18.3086
27.0957,0.00101212,17.3701
23.9372,0.000955959,16.6603
20.0307,0.000813443,14.6786
22.0747,0.000834441,15.7577
22.1217,0.000785191,14.8803
20.7779,0.000762833,13.2429
18.8976,0.000701303,11.5179
20.7007,0.000658399,12.0429
21.6127,0.000602531,10.0219
23.8217,0.000676267,10.5348
28.3028,0.000678096,10.4826
28.2422,0.000721431,10.2217
27.1145,0.000757122,10.0016
30.1595,0.000888958,10.3202
35.258,0.00100023,12.2824
34.6721,0.00101832,12.6889
33.0325,0.000937112,13.1341
36.6972,0.000965483,13.8077
35.193,0.00104627,14.1093
31.7124,0.00093252,13.3628
27.3958,0.00099218,12.6723
28.472,0.00115249,13.4394
30.2153,0.00132957,12.7569
18.5097,0.000913665,7.54829
13.2326,0.000728438,5.68573
12.7295,0.000797985,5.21786
12.7612,0.000846515,5.09204
13.7122,0.000946007,4.94426
13.9467,0.00102802,5.59929
16.2882,0.00114779,6.32432
15.1532,0.00111332,6.04479
14.8463,0.0010836,5.43181
14.4871,0.00104456,5.62944
15.1092,0.00105683,5.42487
24.6612,0.00166207,8.80983
26.1373,0.00164838,9.78417
25.3592,0.00158689,9.63977
19.2798,0.00109668,6.74422
20.8942,0.00117815,7.45181
21.2774,0.00119933,8.04444
20.0428,0.00112185,9.01605
23.4899,0.00128208,10.581
21.7868,0.00114649,10.7794
20.4034,0.00106486,11.0891
20.9586,0.00108597,13.2869
19.7593,0.00108174,13.1899
20.58,0.00110139,14.1726
21.7087,0.00120986,15.3208
28.8887,0.00172211,22.8174
24.2476,0.00142341,20.3258
23.5752,0.00132076,18.6414
23.5054,0.00129012,17.2327
22.0336,0.00118782,16.0911
21.972,0.00119029,17.1063
24.5458,0.00129772,18.5324
25.9058,0.00130165,19.9489
25.7204,0.00124253,19.4269
26.8421,0.0012317,18.6836
24.9066,0.00100132,15.7549
24.7453,0.00088603,13.7946
25.0302,0.000863414,13.9153
22.1823,0.00080248,10.4351
21.4295,0.000781677,10.923
20.7683,0.000717603,10.0992
20.3209,0.000636103,8.61187
21.5506,0.000538602,7.42783
