0.0105398,2.94889e-06,0.0105398
-0.011667,3.05275e-06,-0.011667
-0.00732784,3.54278e-06,-0.00732784
0.00559273,2.49922e-06,0.00559273
0.00465452,2.27621e-06,0.00465452
0.00738604,2.37327e-06,0.00738604
0.00760517,2.73986e-06,0.00760517
0.00738464,2.95655e-06,0.00738464
0.00345275,2.38698e-06,0.00345275
0.00331444,2.13978e-06,0.00331444
-0.000627899,2.05267e-06,-0.000627899
0.0059272,1.96419e-06,0.0059272
0.0103456,1.86318e-06,0.0103456
0.0178526,2.07527e-06,0.0178526
0.00991356,2.35354e-06,0.00991356
0.00403833,3.05168e-06,0.00403833
0.0157825,2.31397e-06,0.0157825
0.00967611,1.79089e-06,0.00967611
0.0101002,1.33924e-06,0.0101002
0.0146205,1.20463e-06,0.0146205
0.0250414,1.10377e-06,0.0250414
0.0095801,1.08459e-06,0.0095801
0.00459044,1.50001e-06,0.00459044
0.00489574,1.89761e-06,0.00489574
0.0044117,2.04509e-06,0.0044117
0.00614917,1.81758e-06,0.00614917
0.010879,1.82573e-06,0.010879
0.0202583,1.62595e-06,0.0202583
0.0192388,1.56622e-06,0.0192388
0.00283636,2.21762e-06,0.00283636
-0.00407508,1.88921e-06,-0.00407508
-0.00725917,1.51265e-06,-0.00725917
-0.00157935,1.58112e-06,-0.00157935
0.000427765,1.45426e-06,0.000427765
-6.89495e-05,1.37838e-06,-6.89495e-05
0.00205716,1.27225e-06,0.00205716
0.00403919,1.39025e-06,0.00403919
0.000560752,1.28583e-06,0.000560752
0.00210247,1.43037e-06,0.00210247
0.00163062,1.58308e-06,0.00163062
0.00414037,1.84661e-06,0.00414037
0.00501718,1.93574e-06,0.00501718
0.00631505,1.71221e-06,0.00631505
0.0107876,1.48718e-06,0.0107876
0.0103433,1.46865e-06,0.0103433
0.0106607,1.63411e-06,0.0106607
0.00836807,1.63028e-06,0.00836807
0.00680862,1.4849e-06,0.00680862
0.00798048,2.00548e-06,0.00798048
0.000331042,2.00047e-06,0.000331042
0.00541772,2.06661e-06,0.00541772
0.00439568,2.75994e-06,0.00439568
0.00973644,2.30624e-06,0.00973644
0.00317783,1.85899e-06,0.00317783
0.0047254,1.9841e-06,0.0047254
-0.00353438,2.15922e-06,-0.00353438
0.00389034,2.12977e-06,0.00389034
0.00507347,2.44109e-06,0.00507347
-8.15565e-06,2.42709e-06,-8.15565e-06
7.24644e-05,2.41301e-06,7.24644e-05
0.0119337,2.59971e-06,0.0119337
0.00983483,2.16425e-06,0.00983483
0.0119133,2.14229e-06,0.0119133
0.00858919,2.03423e-06,0.00858919
0.00675921,2.13145e-06,0.00675921
0.00242253,2.19477e-06,0.00242253
0.00121678,1.95869e-06,0.00121678
0.00473928,1.65007e-06,0.00473928
0.00201726,1.57785e-06,0.00201726
0.00402424,1.54498e-06,0.00402424
0.00255552,1.29016e-06,0.00255552
0.00356816,1.1642e-06,0.00356816
0.00458013,1.20847e-06,0.00458013
-0.002069,1.47603e-06,-0.002069
-0.00458393,1.64667e-06,-0.00458393
0.000188222,1.2804e-06,0.000188222
9.4568e-05,1.66417e-06,9.4568e-05
0.00106421,2.08469e-06,0.00106421
0.000909759,1.64626e-06,0.000909759
0.026274,2.26372e-06,0.026274
0.0279261,2.24093e-06,0.0279261
0.0197071,2.28552e-06,0.0197071
0.0073051,1.92578e-06,0.0073051
0.0051162,1.64122e-06,0.0051162
0.00197568,1.66837e-06,0.00197568
0.00692881,1.77133e-06,0.00692881
0.0067545,1.51575e-06,0.0067545
0.00379587,1.76289e-06,0.00379587
0.00809386,1.68628e-06,0.00809386
0.013723,2.52015e-06,0.013723
0.0125993,2.42528e-06,0.0125993
0.015661,2.47618e-06,0.015661
0.00516708,2.78452e-06,0.00516708
0.0102384,3.02505e-06,0.0102384
0.00486386,3.64548e-06,0.00486386
0.00545201,3.82067e-06,0.00545201
-0.000829184,4.69332e-06,-0.000829184
-0.00728116,6.62246e-06,-0.00728116
-0.00696598,7.29495e-06,-0.00696598
-0.0104324,7.86387e-06,-0.0104324
-0.0186065,6.01918e-06,-0.0186065
-0.0169299,6.28188e-06,-0.0169299
-0.022788,6.43362e-06,-0.022788
0.136801,7.86651e-06,0.136801
-21.918,9.64835e-06,-21.918
-17209.4,1.222e-05,-17209.4
-46352.8,1.93797e-05,-46352.8
-0.0105916,1.62459e-05,-0.0105916
-0.0128166,1.61937e-05,-0.0128166
-0.012917,2.10398e-05,-0.012917
-0.0117651,1.93223e-05,-0.0117651
-0.0124819,1.72361e-05,-0.0124819
-0.00822377,1.59578e-05,-0.00822377
-0.00901065,2.89375e-05,-0.00901065
-0.00889179,2.56753e-05,-0.00889179
-0.011629,2.51803e-05,-0.011629
-0.0101393,2.37061e-05,-0.0101393
-0.00465833,2.16166e-05,-0.00465833
-0.00206829,2.64299e-05,-0.00206829
-0.00222468,3.20158e-05,-0.00222468
-0.00777451,3.60041e-05,-0.00777451
-0.00576162,3.18857e-05,-0.00576162
-0.00820203,3.24797e-05,-0.00820203
-0.00758362,3.74057e-05,-0.00758362
-0.00935336,4.20348e-05,-0.00935336
-0.0140116,4.68818e-05,-0.0140116
-0.0141168,5.43099e-05,-0.0141168
-0.0097945,6.21961e-05,-0.0097945
-0.000319907,6.42347e-05,-0.000319907
-0.00371174,5.56148e-05,-0.00371174
-0.00687377,5.47284e-05,-0.00687377
0.0012045,0.000101812,0.0012045
0.0047188,0.000106554,0.0047188
0.00372537,0.000122289,0.00372537
0.00523985,0.000113816,0.00523985
0.00271731,0.000120688,0.00271731
0.00180507,7.68286e-05,0.00180507
-0.00189048,7.27878e-05,-0.00189048
-0.00228574,6.85715e-05,-0.00228574
-0.00315065,7.05604e-05,-0.00315065
-0.00665862,6.6998e-05,-0.00665862
-0.00780628,6.42944e-05,-0.00780628
-0.00820636,4.57212e-05,-0.00820636
-0.00222056,4.58832e-05,-0.00222056
-0.00301555,2.57568e-05,-0.00301555
0.00466584,2.50351e-05,0.00466584
-0.001368,2.40859e-05,-0.001368
0.0075256,2.43183e-05,0.0075256
0.00464176,2.62572e-05,0.00464176
0.00372327,2.42781e-05,0.00372327
-0.00103749,2.38628e-05,-0.00103749
0.00289604,1.93097e-05,0.00289604
0.000717694,1.55177e-05,0.000717694
0.00129001,1.56965e-05,0.00129001
-0.00113336,1.40734e-05,-0.00113336
-0.00217199,1.51923e-05,-0.00217199
8.94997e-05,1.57926e-05,8.94997e-05
0.00580681,1.89701e-05,0.00580681
-0.00524636,2.74607e-05,-0.00524636
-0.00194972,3.0049e-05,-0.00194972
-0.00492619,3.25873e-05,-0.00492619
-0.0033124,4.4017e-05,-0.0033124
-0.00812147,4.22832e-05,-0.00812147
-0.00279378,4.25028e-05,-0.00279378
-0.012527,3.84165e-05,-0.012527
-0.00672547,3.91179e-05,-0.00672547
-0.00546514,3.43888e-05,-0.00546514
-0.00623247,3.72444e-05,-0.00623247
-0.00604175,4.19007e-05,-0.00604175
-0.00577485,5.0109e-05,-0.00577485
-0.0100405,6.05653e-05,-0.0100405
-0.00422618,7.24624e-05,-0.00422618
-0.0097333,8.40607e-05,-0.0097333
-0.00779149,9.27793e-05,-0.00779149
-0.00864505,9.47057e-05,-0.00864505
-0.00957451,0.000106671,-0.00957451
-0.0104967,0.000123985,-0.0104967
-0.00882339,0.000103766,-0.00882339
-0.00889283,0.000108111,-0.00889283
-0.00689633,0.000117739,-0.00689633
-0.0091542,0.000117592,-0.0091542
-0.00973199,9.79638e-05,-0.00973199
-0.00857829,7.95833e-05,-0.00857829
-0.0124219,7.62528e-05,-0.0124219
-0.0127488,8.24001e-05,-0.0127488
-0.005235,7.42317e-05,-0.005235
-0.00209302,7.14454e-05,-0.00209302
-0.000553246,7.52982e-05,-0.000553246
0.0026056,6.89582e-05,0.0026056
-0.00229596,6.15238e-05,-0.00229596
-0.000645949,5.58187e-05,-0.000645949
-0.00505267,6.52367e-05,-0.00505267
0.000767214,7.56327e-05,0.000767214
-0.00306459,7.26595e-05,-0.00306459
0.00066168,6.35903e-05,0.00066168
-0.00244061,5.2536e-05,-0.00244061
-0.0047643,5.03108e-05,-0.0047643
-0.00289358,7.08941e-05,-0.00289358
0.000964263,7.59557e-05,0.000964263
0.00369628,8.06279e-05,0.00369628
-0.00748553,0.000148484,-0.00748553
-0.0101088,0.00018169,-0.0101088
-0.00675789,0.000182764,-0.00675789
-0.0128331,0.000178571,-0.0128331
-0.00927758,0.000225801,-0.00927758
-0.00588424,0.000230252,-0.00588424
-0.0285548,0.000262616,-0.0285548
-0.0474494,0.000314504,-0.0474494
-0.0819747,0.000311114,-0.0819747
-0.0432832,0.000357807,-0.0432832
-0.122483,0.000409157,-0.122483
-0.1645,0.000436367,-0.1645
7676.92,0.000387324,7676.92
1.64984e+06,0.000299717,1.64984e+06
-0.0125619,3.77593e-07,-0.0125619
-0.00923244,3.54171e-07,-0.00923244
-0.0207979,3.86008e-07,-0.0207979
-0.0128634,4.56537e-07,-0.0128634
-0.00655936,4.07729e-07,-0.00655936
-0.00477464,6.00582e-07,-0.00477464
-0.0944061,8.4214e-07,-0.0944061
-0.071769,1.00223e-06,-0.071769
-0.137446,1.04092e-06,-0.137446
-0.138834,1.04936e-06,-0.138834
-0.111803,1.00843e-06,-0.111803
-0.127426,1.03315e-06,-0.127426
-0.0817247,1.12594e-06,-0.0817247
-0.128417,1.14616e-06,-0.128417
0.000860862,1.20162e-06,0.000860862
-0.0216669,1.1936e-06,-0.0216669
-0.096482,8.43381e-07,-0.096482
0.0235746,7.92099e-07,0.0235746
0.00921383,5.79964e-07,0.00921383
0.0073922,4.71067e-07,0.0073922
0.00182287,4.12659e-07,0.00182287
0.0062095,3.12683e-07,0.0062095
-0.00957453,2.64673e-07,-0.00957453
0.0200921,2.33239e-07,0.0200921
0.015773,2.93112e-07,0.015773
0.144261,3.06153e-07,0.144261
0.00968926,5.40758e-07,0.00968926
0.000513763,4.55788e-07,0.000513763
-0.0085935,5.13209e-07,-0.0085935
-0.00590974,5.10776e-07,-0.00590974
-0.0101707,4.96111e-07,-0.0101707
-0.00735184,3.89425e-07,-0.00735184
-0.0141623,3.91028e-07,-0.0141623
-0.0182748,4.66328e-07,-0.0182748
-0.0240158,3.88874e-07,-0.0240158
0.126677,3.32775e-07,0.126677
0.169751,3.40562e-07,0.169751
0.230018,3.56211e-07,0.230018
0.18328,4.14202e-07,0.18328
0.166342,5.35339e-07,0.166342
0.170745,5.88851e-07,0.170745
0.165107,6.13353e-07,0.165107
0.113683,5.87123e-07,0.113683
0.129072,5.72021e-07,0.129072
0.0492681,6.16033e-07,0.0492681
0.00478005,6.58139e-07,0.00478005
0.0207753,5.12463e-07,0.0207753
-0.0323099,4.41669e-07,-0.0323099
-0.117431,4.38653e-07,-0.117431
-0.0966946,3.63935e-07,-0.0966946
-0.0774994,3.48535e-07,-0.0774994
-0.107284,3.24069e-07,-0.107284
-0.064379,3.51051e-07,-0.064379
-0.0381883,4.69584e-07,-0.0381883
-0.0461225,6.82914e-07,-0.0461225
-0.0514071,8.97328e-07,-0.0514071
-0.0441816,9.29913e-07,-0.0441816
-0.0395964,9.58505e-07,-0.0395964
-0.0563424,9.34513e-07,-0.0563424
-0.06125,9.32298e-07,-0.06125
-0.0131393,9.00963e-07,-0.0131393
-0.0390906,9.19124e-07,-0.0390906
-0.104895,9.03984e-07,-0.104895
-0.742975,8.11355e-07,-0.742975
1.6896,7.48264e-07,1.6896
-0.555931,4.24217e-07,-0.555931
0.259031,4.01427e-07,0.259031
0.187852,4.35728e-07,0.187852
0.0112754,6.34576e-07,0.0112754
0.0105098,6.32546e-07,0.0105098
-0.000995363,5.43274e-07,-0.000995363
0.00175906,5.4861e-07,0.00175906
0.188081,4.74032e-07,0.188081
0.0925343,4.91773e-07,0.0925343
0.31355,4.69662e-07,0.31355
0.0618078,5.77436e-07,0.0618078
0.0518824,5.81032e-07,0.0518824
0.112119,5.18774e-07,0.112119
0.273755,6.27328e-07,0.273755
0.159728,5.77804e-07,0.159728
0.00872019,7.14601e-07,0.00872019
0.00260586,8.18966e-07,0.00260586
0.00584083,7.06376e-07,0.00584083
-0.00330003,6.45736e-07,-0.00330003
-0.00552488,1.19396e-06,-0.00552488
-0.000692839,2.06235e-06,-0.000692839
0.00123202,1.93295e-06,0.00123202
0.00252975,1.92857e-06,0.00252975
0.0075016,1.63743e-06,0.0075016
0.00729227,1.58327e-06,0.00729227
-0.00477717,1.06849e-06,-0.00477717
-0.0107904,8.8632e-07,-0.0107904
0.0138888,9.086e-07,0.0138888
0.00934871,8.73021e-07,0.00934871
0.0104094,8.23989e-07,0.0104094
0.002592,9.77273e-07,0.002592
-0.00105777,9.64374e-07,-0.00105777
0.0130639,1.01454e-06,0.0130639
0.0220931,1.13584e-06,0.0220931
0.00467218,1.29903e-06,0.00467218
-0.010537,1.63434e-06,-0.010537
-0.0061757,2.03592e-06,-0.0061757
-0.021429,2.02562e-06,-0.021429
-0.131658,5.17122e-06,-0.131658
0.0847763,5.99532e-06,0.0847763
76748.2,5.85425e-06,76748.2
-1.3207e+06,3.89894e-06,-1.3207e+06
0.00342173,7.35628e-05,0.00342173
-0.000253607,7.50087e-05,-0.000253607
-0.003836,8.12794e-05,-0.003836
-0.00173037,9.09123e-05,-0.00173037
0.000273015,7.45302e-05,0.000273015
0.000689107,7.39109e-05,0.000689107
0.00668729,7.55581e-05,0.00668729
0.00881407,7.12593e-05,0.00881407
0.0115127,7.3849e-05,0.0115127
0.0110613,7.3649e-05,0.0110613
-0.00271521,7.55272e-05,-0.00271521
0.00207237,7.19641e-05,0.00207237
-0.00770538,7.2193e-05,-0.00770538
0.00361248,7.53466e-05,0.00361248
0.00303906,6.77969e-05,0.00303906
0.00415817,6.62099e-05,0.00415817
0.00323797,6.71168e-05,0.00323797
0.00490859,7.15254e-05,0.00490859
-0.00599892,7.46215e-05,-0.00599892
-0.00566306,4.96104e-05,-0.00566306
-0.00907421,5.50851e-05,-0.00907421
-0.00988658,5.55431e-05,-0.00988658
-0.0142249,5.30593e-05,-0.0142249
-0.00757644,5.08676e-05,-0.00757644
-0.00707305,4.8393e-05,-0.00707305
-0.0043643,4.59512e-05,-0.0043643
-0.0132085,4.08476e-05,-0.0132085
-0.00648287,3.74919e-05,-0.00648287
-0.00836602,3.34586e-05,-0.00836602
-0.00909241,2.81644e-05,-0.00909241
-0.00222424,1.15264e-05,-0.00222424
-0.00630876,1.52787e-05,-0.00630876
-0.000402793,1.09685e-05,-0.000402793
-0.00164293,8.12365e-06,-0.00164293
0.00336164,1.8677e-05,0.00336164
0.00481955,3.44528e-05,0.00481955
0.0132658,4.02445e-05,0.0132658
0.00594657,3.99634e-05,0.00594657
-0.0174818,4.04899e-05,-0.0174818
-0.0189833,3.76896e-05,-0.0189833
-0.0206349,3.77355e-05,-0.0206349
-0.0224201,3.98334e-05,-0.0224201
-0.0223793,4.09467e-05,-0.0223793
-0.0125111,4.15344e-05,-0.0125111
-0.0100615,3.75788e-05,-0.0100615
-0.0160057,2.56089e-05,-0.0160057
-0.0307834,2.06194e-05,-0.0307834
-0.0168442,1.44744e-05,-0.0168442
-0.0166626,1.32291e-05,-0.0166626
-0.00122212,1.09201e-05,-0.00122212
0.0170463,2.12948e-05,0.0170463
0.00991022,2.84088e-05,0.00991022
0.0012132,3.19465e-05,0.0012132
-0.00547664,3.14796e-05,-0.00547664
-0.00936167,3.21217e-05,-0.00936167
0.00296066,3.18463e-05,0.00296066
0.00108735,3.13791e-05,0.00108735
0.00118401,3.24844e-05,0.00118401
-0.00564625,3.36451e-05,-0.00564625
-0.0159503,3.49907e-05,-0.0159503
-0.0121989,2.06153e-05,-0.0121989
-0.00825167,1.53001e-05,-0.00825167
-0.00963475,1.57761e-05,-0.00963475
0.0105704,7.92014e-06,0.0105704
-0.0112501,1.45597e-05,-0.0112501
0.0103962,9.39472e-06,0.0103962
0.0137628,1.69807e-05,0.0137628
0.00289539,2.24134e-05,0.00289539
0.000756963,2.50916e-05,0.000756963
0.000141801,2.4018e-05,0.000141801
-0.000688716,2.57524e-05,-0.000688716
0.00750398,2.62601e-05,0.00750398
0.00372739,2.67614e-05,0.00372739
0.0032841,2.51477e-05,0.0032841
0.00246509,2.6217e-05,0.00246509
0.00166398,2.14219e-05,0.00166398
0.00853282,2.02498e-05,0.00853282
0.00655758,1.51227e-05,0.00655758
0.00665877,1.19937e-05,0.00665877
0.00359827,8.37469e-06,0.00359827
0.00505524,1.72966e-05,0.00505524
0.00496054,1.15339e-05,0.00496054
0.00528157,1.81663e-05,0.00528157
0.00755576,1.5211e-05,0.00755576
0.0011369,8.9889e-06,0.0011369
-0.00929507,6.24794e-06,-0.00929507
-0.00835303,3.31974e-06,-0.00835303
-0.00575546,2.37712e-06,-0.00575546
-0.00746314,1.7183e-06,-0.00746314
-0.00638194,1.40096e-06,-0.00638194
-0.0103481,1.1294e-06,-0.0103481
-0.009305,7.61072e-07,-0.009305
-0.00152924,5.97436e-07,-0.00152924
-0.000223219,4.67269e-07,-0.000223219
-0.00214833,4.46883e-07,-0.00214833
0.0822251,3.44673e-07,0.0822251
0.0328689,2.82802e-07,0.0328689
0.0309924,2.39664e-07,0.0309924
0.00483101,4.08996e-07,0.00483101
-0.00552418,8.20986e-07,-0.00552418
-0.00203068,7.09396e-07,-0.00203068
0.00911902,1.32968e-06,0.00911902
0.0099605,1.83066e-06,0.0099605
-0.0716363,4.50444e-06,-0.0716363
-0.284322,7.39433e-06,-0.284322
92859.0,1.00655e-05,92859.0
48628.9,7.1588e-05,48628.9
-0.000798288,2.56068e-06,-0.000798288
-0.00159656,2.82066e-06,-0.00159656
-0.000808608,3.66639e-06,-0.000808608
-0.00813985,5.37082e-06,-0.00813985
-0.017304,9.29584e-06,-0.017304
-0.00292592,4.1196e-06,-0.00292592
-0.00854159,6.35335e-06,-0.00854159
-0.00358493,7.62607e-06,-0.00358493
-0.00940722,1.37394e-05,-0.00940722
-0.0224476,1.78649e-05,-0.0224476
-0.0059839,2.04279e-05,-0.0059839
0.00137518,2.96546e-05,0.00137518
0.00136737,3.56624e-05,0.00136737
-0.00629612,3.3322e-05,-0.00629612
-0.00355068,3.18168e-05,-0.00355068
-0.000737681,3.46715e-05,-0.000737681
0.000750944,2.99724e-05,0.000750944
-0.000516087,3.14213e-05,-0.000516087
0.0091701,3.1873e-05,0.0091701
0.0087411,3.3944e-05,0.0087411
0.0102581,3.37286e-05,0.0102581
0.0425,3.81007e-05,0.0425
0.00849939,3.59189e-05,0.00849939
0.026935,3.93243e-05,0.026935
0.0209341,4.14752e-05,0.0209341
0.0150388,4.2433e-05,0.0150388
0.0226153,4.52511e-05,0.0226153
0.0240035,5.47975e-05,0.0240035
0.00573547,5.75982e-05,0.00573547
0.0084306,6.25467e-05,0.0084306
0.00504916,6.47016e-05,0.00504916
0.00154728,5.96208e-05,0.00154728
-0.00583117,6.48296e-05,-0.00583117
-0.00976996,6.82765e-05,-0.00976996
-0.0117761,7.28978e-05,-0.0117761
-0.00818645,5.83174e-05,-0.00818645
-0.00646614,4.6637e-05,-0.00646614
-0.00115239,4.29808e-05,-0.00115239
-0.00148118,4.09098e-05,-0.00148118
-0.00154731,3.17659e-05,-0.00154731
0.0132873,3.39737e-05,0.0132873
-0.00563809,3.82572e-05,-0.00563809
-0.0138105,4.06485e-05,-0.0138105
0.0189871,3.68647e-05,0.0189871
-0.000494712,3.51472e-05,-0.000494712
0.0127648,3.22734e-05,0.0127648
-0.000655975,2.95745e-05,-0.000655975
0.00883435,3.01994e-05,0.00883435
0.00588516,2.99707e-05,0.00588516
0.0131775,2.90525e-05,0.0131775
0.0027229,3.55798e-05,0.0027229
0.00903942,3.50561e-05,0.00903942
-0.000952561,2.65712e-05,-0.000952561
0.0352928,2.47085e-05,0.0352928
-0.00687056,2.18744e-05,-0.00687056
-0.0154862,4.8884e-05,-0.0154862
-0.0227935,5.9854e-05,-0.0227935
-0.00578235,6.9569e-05,-0.00578235
-0.0142405,6.92756e-05,-0.0142405
-0.00488022,7.92957e-05,-0.00488022
0.00158044,8.15887e-05,0.00158044
-0.0119509,8.31956e-05,-0.0119509
-0.00860341,9.56398e-05,-0.00860341
-0.00660823,0.000105648,-0.00660823
-0.0153727,0.000109901,-0.0153727
-0.0170587,0.000124735,-0.0170587
-0.0260069,0.000134401,-0.0260069
-0.0295735,0.000119052,-0.0295735
-0.0295069,0.00011249,-0.0295069
0.0134595,0.000108352,0.0134595
0.030828,0.00010874,0.030828
0.00780962,0.000130456,0.00780962
0.00853804,0.00012703,0.00853804
0.0218231,0.000113344,0.0218231
0.0230927,0.00010295,0.0230927
0.0114964,8.32913e-05,0.0114964
-0.00196994,5.99988e-05,-0.00196994
-0.00284705,3.63219e-05,-0.00284705
0.00307707,3.39539e-05,0.00307707
0.0138923,4.47986e-05,0.0138923
0.00793397,4.0762e-05,0.00793397
0.00543771,4.58586e-05,0.00543771
0.0298978,4.2557e-05,0.0298978
-0.0027906,4.60306e-05,-0.0027906
0.00182521,4.82972e-05,0.00182521
-0.00171532,5.08186e-05,-0.00171532
-0.00158952,5.12734e-05,-0.00158952
-0.0116524,2.66487e-05,-0.0116524
-0.0197839,2.97119e-05,-0.0197839
0.00258812,2.6226e-05,0.00258812
-0.000871936,2.19187e-05,-0.000871936
-0.000675543,1.52488e-05,-0.000675543
-0.00232461,1.39003e-05,-0.00232461
0.146117,1.54456e-05,0.146117
-0.00686504,1.72665e-05,-0.00686504
-0.00460077,2.17849e-05,-0.00460077
-0.00362861,2.27279e-05,-0.00362861
-0.00892356,2.12181e-05,-0.00892356
-0.000627431,3.96585e-05,-0.000627431
-0.0181846,6.28589e-05,-0.0181846
-0.0178021,7.26285e-05,-0.0178021
-0.0235303,6.18299e-05,-0.0235303
-0.0309185,7.57251e-05,-0.0309185
-0.410517,8.144e-05,-0.410517
-1.80997,6.42489e-05,-1.80997
-5056.69,7.37765e-05,-5056.69
100615.0,1.92073e-05,100615.0
0.000238742,4.10763e-06,0.000238742
-0.000206493,3.40601e-06,-0.000206493
0.0156813,2.98463e-06,0.0156813
0.00343679,2.71893e-06,0.00343679
0.00889894,1.95146e-06,0.00889894
0.0124801,1.90256e-06,0.0124801
0.00996752,1.97442e-06,0.00996752
0.0151565,2.07318e-06,0.0151565
0.0124349,2.85244e-06,0.0124349
0.00304149,2.94021e-06,0.00304149
0.00351261,2.90422e-06,0.00351261
0.0151609,1.04405e-06,0.0151609
0.0145832,1.1664e-06,0.0145832
0.0137189,1.31669e-06,0.0137189
0.0201122,1.41731e-06,0.0201122
0.0186396,1.34207e-06,0.0186396
0.017141,1.13962e-06,0.017141
0.0157669,1.04874e-06,0.0157669
0.0203899,1.01543e-06,0.0203899
0.0073922,4.71067e-07,0.0073922
0.0106653,1.24076e-06,0.0106653
0.0104634,1.55157e-06,0.0104634
0.00908776,1.45081e-06,0.00908776
0.00503955,1.99543e-06,0.00503955
0.00560166,2.2459e-06,0.00560166
0.00884287,3.77702e-06,0.00884287
0.00819426,4.29904e-06,0.00819426
0.0106205,5.79e-06,0.0106205
0.00545584,5.63835e-06,0.00545584
0.00636481,6.18633e-06,0.00636481
0.00479594,7.40352e-06,0.00479594
0.00335213,6.81033e-06,0.00335213
0.00266361,6.9751e-06,0.00266361
0.000504056,7.53607e-06,0.000504056
-0.00679186,7.17487e-06,-0.00679186
-0.00191722,7.12492e-06,-0.00191722
3.91702e-05,6.95972e-06,3.91702e-05
-0.0013705,7.34871e-06,-0.0013705
0.0017981,5.7443e-06,0.0017981
-4.04873e-06,5.63393e-06,-4.04873e-06
4.14208e-07,5.61158e-06,4.14208e-07
-0.000234429,4.5622e-06,-0.000234429
-0.00241339,5.57726e-06,-0.00241339
-0.00430626,5.11144e-06,-0.00430626
0.00964289,2.64733e-06,0.00964289
-0.00742568,3.13623e-06,-0.00742568
-0.0053793,3.48062e-06,-0.0053793
-0.00127632,2.56941e-06,-0.00127632
0.00671232,2.67138e-06,0.00671232
-0.00263605,3.26876e-06,-0.00263605
-0.00401193,2.98372e-06,-0.00401193
0.00966956,2.67891e-06,0.00966956
-0.000673121,2.82031e-06,-0.000673121
-0.00419562,3.0447e-06,-0.00419562
0.00319567,3.19686e-06,0.00319567
0.00437959,3.81232e-06,0.00437959
0.0015218,4.63541e-06,0.0015218
0.00173121,5.2316e-06,0.00173121
-0.000137628,5.21501e-06,-0.000137628
-0.00190578,5.00359e-06,-0.00190578
-0.00489317,4.84486e-06,-0.00489317
-0.00361825,4.83644e-06,-0.00361825
-0.00757535,5.20596e-06,-0.00757535
-0.00584991,5.89277e-06,-0.00584991
-0.00284763,5.6485e-06,-0.00284763
-0.00158361,6.55071e-06,-0.00158361
0.00210206,5.7118e-06,0.00210206
0.00300863,5.05883e-06,0.00300863
0.0020552,5.30707e-06,0.0020552
-3.20118e-05,6.34954e-06,-3.20118e-05
-0.00142723,6.44236e-06,-0.00142723
-0.00167909,9.50321e-06,-0.00167909
-0.00118088,1.09703e-05,-0.00118088
-0.00801537,1.09441e-05,-0.00801537
-0.0050701,8.68494e-06,-0.0050701
-0.0064065,8.94626e-06,-0.0064065
-0.00583769,9.13864e-06,-0.00583769
-0.0036391,8.06843e-06,-0.0036391
-0.00326507,7.39712e-06,-0.00326507
-0.00323448,7.81993e-06,-0.00323448
-0.00225678,7.22099e-06,-0.00225678
-0.0019042,7.85266e-06,-0.0019042
-0.00205598,7.46173e-06,-0.00205598
-0.000867791,6.99448e-06,-0.000867791
-0.000848154,6.27892e-06,-0.000848154
-0.00361809,7.23921e-06,-0.00361809
-0.00725698,6.13413e-06,-0.00725698
-0.0102538,6.22456e-06,-0.0102538
-0.0130809,5.8963e-06,-0.0130809
-0.0152463,6.01501e-06,-0.0152463
-0.00642265,4.98474e-06,-0.00642265
-0.00778037,6.03095e-06,-0.00778037
-0.00738818,6.20219e-06,-0.00738818
-0.00684897,5.98336e-06,-0.00684897
0.00315056,5.96271e-06,0.00315056
0.00195356,4.3249e-06,0.00195356
-0.000196309,5.27844e-06,-0.000196309
0.00126027,5.36377e-06,0.00126027
-0.00139209,5.54969e-06,-0.00139209
-0.00382896,5.84544e-06,-0.00382896
-0.00290919,6.09384e-06,-0.00290919
-0.00448741,5.859e-06,-0.00448741
-0.0158979,5.64842e-06,-0.0158979
-0.0105586,4.93923e-06,-0.0105586
-0.0924433,5.43723e-06,-0.0924433
-18082.3,7.07918e-06,-18082.3
18035.3,7.67155e-06,18035.3
0.0360047,1.48556e-07,0.0360047
0.0296391,1.62775e-07,0.0296391
0.0355934,1.80419e-07,0.0355934
0.0176275,2.07152e-07,0.0176275
0.00822163,1.42108e-07,0.00822163
0.00519329,1.48636e-07,0.00519329
0.00860156,1.57834e-07,0.00860156
0.00718941,2.23864e-07,0.00718941
0.00034471,1.66587e-07,0.00034471
0.00126982,1.72808e-07,0.00126982
0.00229724,1.43643e-07,0.00229724
0.00151121,1.28868e-07,0.00151121
0.0060863,1.05895e-07,0.0060863
0.00199132,1.13412e-07,0.00199132
0.6287,1.78002e-07,0.6287
0.895842,7.08177e-08,0.895842
0.15214,6.5159e-08,0.15214
0.0130747,1.12374e-07,0.0130747
0.0205858,1.02117e-07,0.0205858
0.019155,2.14793e-08,0.019155
0.00830089,3.18001e-08,0.00830089
-0.00396709,7.68205e-08,-0.00396709
-0.00757918,1.16032e-07,-0.00757918
-0.0127982,3.46199e-07,-0.0127982
-0.0218858,9.23491e-08,-0.0218858
-0.0243002,1.58188e-07,-0.0243002
-0.00909244,2.32212e-07,-0.00909244
-0.0152529,2.30515e-07,-0.0152529
-0.0105924,2.95799e-07,-0.0105924
-0.00966758,2.81078e-07,-0.00966758
-0.00860797,2.78302e-07,-0.00860797
-0.0294306,2.3496e-07,-0.0294306
-0.034338,2.34626e-07,-0.034338
-0.0726365,2.21909e-07,-0.0726365
-0.0184007,2.62846e-07,-0.0184007
0.0250353,2.17096e-07,0.0250353
-0.0059579,1.75325e-07,-0.0059579
0.00692617,1.06969e-07,0.00692617
0.00037421,1.53897e-07,0.00037421
0.000340906,1.45303e-07,0.000340906
0.0113144,1.1499e-07,0.0113144
-0.000973465,1.28233e-07,-0.000973465
0.0430487,9.6396e-08,0.0430487
0.0182643,1.26556e-07,0.0182643
0.0130865,1.0112e-07,0.0130865
0.0257803,7.2226e-08,0.0257803
0.284186,5.43987e-08,0.284186
1.57143,3.47253e-08,1.57143
9.69094,2.90952e-08,9.69094
0.154673,7.78787e-08,0.154673
0.0193121,6.13059e-08,0.0193121
-0.00726527,1.19261e-07,-0.00726527
-0.00751384,2.32036e-07,-0.00751384
-0.00336134,5.18917e-07,-0.00336134
0.0100598,2.7281e-07,0.0100598
0.00893632,2.34464e-07,0.00893632
0.0117372,3.05517e-07,0.0117372
0.00933179,3.84532e-07,0.00933179
0.0105408,4.10625e-07,0.0105408
0.0118967,3.97853e-07,0.0118967
0.0146037,3.69219e-07,0.0146037
0.0189466,3.27043e-07,0.0189466
0.0294102,2.88178e-07,0.0294102
0.0151312,3.13259e-07,0.0151312
-0.0179989,3.34114e-07,-0.0179989
0.00200355,3.30707e-07,0.00200355
0.0101111,3.91735e-07,0.0101111
0.0124097,3.98089e-07,0.0124097
0.0104469,3.48413e-07,0.0104469
0.00664241,2.74962e-07,0.00664241
0.00345159,2.2364e-07,0.00345159
0.00835723,3.01083e-07,0.00835723
0.000320776,2.5826e-07,0.000320776
0.00179248,2.86756e-07,0.00179248
0.00130205,2.82583e-07,0.00130205
0.00928608,2.55412e-07,0.00928608
-0.00992562,3.4502e-07,-0.00992562
-0.00566901,3.04414e-07,-0.00566901
0.00288044,3.72865e-07,0.00288044
-0.000142686,3.85321e-07,-0.000142686
-0.000325416,6.48045e-07,-0.000325416
-0.00111054,8.14236e-07,-0.00111054
-0.00647482,1.19866e-06,-0.00647482
-0.00536801,1.15522e-06,-0.00536801
0.00909581,2.15867e-07,0.00909581
0.0389351,1.14097e-07,0.0389351
0.0263712,1.78553e-07,0.0263712
0.0279089,3.45656e-07,0.0279089
0.0278252,4.6908e-07,0.0278252
0.0269724,4.9981e-07,0.0269724
0.0448994,4.56142e-07,0.0448994
0.0352481,4.20459e-07,0.0352481
0.0313587,4.63509e-07,0.0313587
0.0246461,5.21508e-07,0.0246461
0.0286707,5.35122e-07,0.0286707
0.0447656,5.44485e-07,0.0447656
0.00912431,6.60573e-07,0.00912431
0.0139132,6.23779e-07,0.0139132
-0.00601434,4.66299e-07,-0.00601434
-0.000487829,5.63627e-07,-0.000487829
-0.0308237,3.36105e-07,-0.0308237
-0.0526553,3.74425e-07,-0.0526553
-0.307603,2.65498e-07,-0.307603
-1.15867,2.97951e-07,-1.15867
-0.739114,3.29665e-07,-0.739114
-43831.5,4.38697e-07,-43831.5
-31747.0,5.91672e-07,-31747.0
-0.00683379,1.44626e-07,-0.00683379
-0.0031514,1.64714e-07,-0.0031514
0.00912452,9.88283e-08,0.00912452
0.0340493,3.21307e-08,0.0340493
0.0177419,3.74957e-08,0.0177419
0.00706691,2.48424e-08,0.00706691
0.021274,2.66366e-08,0.021274
0.0537938,5.80782e-08,0.0537938
0.0626532,3.09643e-08,0.0626532
-0.0643872,2.00932e-08,-0.0643872
17.3384,4.33546e-08,17.3384
11.968,9.15495e-08,11.968
0.19613,9.78689e-08,0.19613
0.862749,7.13775e-08,0.862749
35.8613,8.6245e-08,35.8613
-0.071325,7.01977e-08,-0.071325
1.4397,8.57892e-08,1.4397
0.0182387,8.7461e-08,0.0182387
-0.553555,6.74155e-08,-0.553555
679.523,7.12645e-08,679.523
9.52789,1.00956e-07,9.52789
-2.63428,1.00265e-07,-2.63428
3.28866,8.60797e-08,3.28866
4.13477,8.68443e-08,4.13477
-2.70734,1.46452e-07,-2.70734
-2042.36,1.1661e-07,-2042.36
0.38227,1.50317e-07,0.38227
-0.345361,2.3482e-07,-0.345361
-0.526372,2.9535e-07,-0.526372
-0.339816,2.48209e-07,-0.339816
-0.545725,2.45843e-07,-0.545725
1793.63,2.29583e-07,1793.63
-1.70882,2.24349e-07,-1.70882
4.3206,2.30791e-07,4.3206
-0.0481717,2.51755e-07,-0.0481717
17.341,2.08859e-07,17.341
6.63905,2.69681e-07,6.63905
7.30334,4.04942e-07,7.30334
-1.68334,5.24296e-07,-1.68334
-1.2306,5.52784e-07,-1.2306
-2.69355,5.38864e-07,-2.69355
-2.25933,5.82461e-07,-2.25933
-0.263546,7.90212e-07,-0.263546
-0.00551235,1.03928e-06,-0.00551235
-0.181722,1.026e-06,-0.181722
-0.209876,1.06645e-06,-0.209876
2.80469,1.15746e-06,2.80469
0.288771,1.05171e-06,0.288771
0.278449,6.07881e-07,0.278449
0.527584,4.38374e-07,0.527584
0.141257,3.03485e-07,0.141257
0.169757,1.66631e-07,0.169757
0.409747,1.14715e-07,0.409747
0.905601,1.19065e-07,0.905601
0.0233264,1.66679e-07,0.0233264
0.0357554,1.06251e-07,0.0357554
296.198,2.61338e-08,296.198
1.2715,3.19187e-08,1.2715
6.65767,3.68134e-08,6.65767
0.488724,1.12024e-07,0.488724
234.969,1.12724e-07,234.969
144.503,5.50335e-08,144.503
1053.16,3.59327e-08,1053.16
34.9773,1.05259e-07,34.9773
-0.255244,5.12037e-08,-0.255244
671.699,7.32109e-08,671.699
-0.823856,8.73373e-08,-0.823856
220.418,5.40094e-08,220.418
0.377701,1.19642e-07,0.377701
-77.3003,7.04877e-08,-77.3003
-7.99987,7.10898e-08,-7.99987
-79.5831,1.5206e-07,-79.5831
1844.68,9.77196e-08,1844.68
2.71494,1.86095e-07,2.71494
-0.430551,2.16226e-07,-0.430551
389.974,3.01585e-07,389.974
0.165358,3.46273e-07,0.165358
343.884,2.48766e-07,343.884
312.335,2.93785e-07,312.335
15.1937,3.81089e-07,15.1937
0.799571,4.2308e-07,0.799571
0.933512,4.65368e-07,0.933512
-0.216064,5.2159e-07,-0.216064
259.864,5.1138e-07,259.864
-0.116122,4.95873e-07,-0.116122
-0.406719,4.39674e-07,-0.406719
-0.61001,4.43887e-07,-0.61001
-5.47469,4.89568e-07,-5.47469
-1.60628,5.44362e-07,-1.60628
2.28867,8.01034e-07,2.28867
19.4823,8.99027e-07,19.4823
-0.425706,8.21049e-07,-0.425706
5.29304,8.83524e-07,5.29304
34.5284,9.23006e-07,34.5284
2.57443,8.13938e-07,2.57443
0.337138,4.72948e-07,0.337138
0.0290608,2.63442e-07,0.0290608
0.154432,1.85868e-07,0.154432
0.147594,1.0271e-07,0.147594
0.203521,1.05954e-07,0.203521
-1.09357,5.71342e-08,-1.09357
0.250371,8.23067e-08,0.250371
0.119364,8.10159e-08,0.119364
0.139805,1.31886e-07,0.139805
16038.2,6.75587e-07,16038.2
133705.0,2.75995e-07,133705.0
67050.8,2.84724e-07,67050.8
-0.0138404,6.49747e-05,-0.0138404
-0.0317824,6.56076e-05,-0.0317824
-0.0241682,9.2907e-05,-0.0241682
-0.0373122,0.000132989,-0.0373122
-0.0152152,0.000148495,-0.0152152
-0.0157164,0.000151716,-0.0157164
-0.0155006,0.000155873,-0.0155006
-0.00707533,0.000152473,-0.00707533
-0.00553081,0.00013591,-0.00553081
0.00546221,0.000125335,0.00546221
-0.00755149,0.000134866,-0.00755149
-0.00598726,0.0001163,-0.00598726
-0.000615727,8.59197e-05,-0.000615727
-0.00133295,6.58037e-05,-0.00133295
-0.00947122,5.39706e-05,-0.00947122
-0.00894282,5.66385e-05,-0.00894282
-0.00540915,5.5125e-05,-0.00540915
-0.00217794,5.61081e-05,-0.00217794
-0.00939821,6.47596e-05,-0.00939821
-0.0132421,6.96846e-05,-0.0132421
-0.0128672,6.53945e-05,-0.0128672
-0.0150798,5.78236e-05,-0.0150798
-0.0132469,5.82696e-05,-0.0132469
-0.0219522,5.18747e-05,-0.0219522
-0.0298713,4.4729e-05,-0.0298713
-0.014747,3.93449e-05,-0.014747
0.0013335,4.12061e-05,0.0013335
0.00917486,4.596e-05,0.00917486
-0.00141361,3.5303e-05,-0.00141361
0.000507606,4.18354e-05,0.000507606
-0.00949515,4.24843e-05,-0.00949515
-0.00597135,4.01605e-05,-0.00597135
-0.0129582,4.60128e-05,-0.0129582
-0.00387697,4.8562e-05,-0.00387697
-0.0184478,5.11283e-05,-0.0184478
-0.0202167,5.37601e-05,-0.0202167
-0.0129064,5.75694e-05,-0.0129064
-0.0302051,5.63831e-05,-0.0302051
-0.0220527,5.2029e-05,-0.0220527
-0.0136224,4.48497e-05,-0.0136224
-0.00988564,4.61067e-05,-0.00988564
-0.0017365,4.67398e-05,-0.0017365
-0.00388062,5.80801e-05,-0.00388062
-0.00501214,5.77233e-05,-0.00501214
-0.00229582,5.25163e-05,-0.00229582
-0.00075096,4.7899e-05,-0.00075096
0.00206121,4.01727e-05,0.00206121
-0.00133125,3.66715e-05,-0.00133125
0.00373512,3.44115e-05,0.00373512
0.00219175,3.85238e-05,0.00219175
-0.00696429,4.61826e-05,-0.00696429
-0.00905357,4.16303e-05,-0.00905357
0.00468831,4.49873e-05,0.00468831
0.00286762,4.72114e-05,0.00286762
0.0115127,4.88637e-05,0.0115127
-0.00588891,5.17258e-05,-0.00588891
-0.00426482,5.36103e-05,-0.00426482
-0.0188533,5.17591e-05,-0.0188533
-0.0195607,5.53357e-05,-0.0195607
-0.00975582,6.09663e-05,-0.00975582
-0.018715,5.32383e-05,-0.018715
-0.00385224,4.65059e-05,-0.00385224
-0.00896999,2.75956e-05,-0.00896999
-0.0127035,2.40579e-05,-0.0127035
-0.0121296,2.77538e-05,-0.0121296
-0.00995405,4.28024e-05,-0.00995405
-0.00861599,5.58474e-05,-0.00861599
-0.00227318,6.19203e-05,-0.00227318
-0.0011955,6.67518e-05,-0.0011955
-0.00367971,7.97454e-05,-0.00367971
-0.00722744,8.80313e-05,-0.00722744
-0.00736997,9.67437e-05,-0.00736997
-0.0167564,0.000108618,-0.0167564
-0.0238987,0.000117125,-0.0238987
-0.00362181,0.000121392,-0.00362181
-0.00609541,0.000112828,-0.00609541
-0.00625006,0.00011751,-0.00625006
-0.00583339,0.000112767,-0.00583339
-0.00878258,0.000129978,-0.00878258
-0.0128663,0.000115783,-0.0128663
-0.0148627,0.000102265,-0.0148627
-0.0195393,8.9901e-05,-0.0195393
-0.0332052,8.06925e-05,-0.0332052
-0.0343359,6.60408e-05,-0.0343359
-0.029751,5.19742e-05,-0.029751
-0.0339562,6.30015e-05,-0.0339562
-0.0256647,5.65912e-05,-0.0256647
-0.0296213,5.287e-05,-0.0296213
-0.0279426,5.2254e-05,-0.0279426
-0.0203815,5.7429e-05,-0.0203815
-0.0294216,6.60873e-05,-0.0294216
-0.000706795,6.45897e-05,-0.000706795
-0.016013,5.90935e-05,-0.016013
-0.0193457,5.27564e-05,-0.0193457
-0.00932346,4.85826e-05,-0.00932346
0.010216,6.38831e-05,0.010216
0.0193867,7.42265e-05,0.0193867
0.0125512,6.73982e-05,0.0125512
0.0176356,6.32041e-05,0.0176356
0.0164812,5.58078e-05,0.0164812
0.0127688,4.47924e-05,0.0127688
0.0141291,3.80755e-05,0.0141291
0.0147745,4.19394e-05,0.0147745
0.00576861,4.67227e-05,0.00576861
-0.0331843,5.36066e-05,-0.0331843
229791.0,5.48029e-05,229791.0
-74271.1,7.92256e-05,-74271.1
0.00773788,2.59088e-05,0.00773788
-0.00228933,2.94859e-05,-0.00228933
-0.00488406,1.46607e-05,-0.00488406
-0.00210891,1.29876e-05,-0.00210891
0.0056771,1.3212e-05,0.0056771
-0.00284441,7.18573e-06,-0.00284441
0.0103723,5.88493e-06,0.0103723
0.00362181,5.09879e-06,0.00362181
0.000751128,4.37412e-06,0.000751128
0.00100751,3.65382e-06,0.00100751
0.000425394,2.83733e-06,0.000425394
0.00429445,2.41685e-06,0.00429445
-0.00385963,1.9139e-06,-0.00385963
-0.0012798,1.84553e-06,-0.0012798
-0.00126908,1.84404e-06,-0.00126908
-0.000365339,2.05962e-06,-0.000365339
0.00270174,2.09684e-06,0.00270174
0.012753,2.10607e-06,0.012753
0.0100265,8.43982e-06,0.0100265
0.0154805,1.59117e-05,0.0154805
0.0179214,2.03211e-05,0.0179214
0.0248193,1.96407e-05,0.0248193
0.0136844,2.11201e-05,0.0136844
0.0134518,2.04797e-05,0.0134518
0.0121316,2.08766e-05,0.0121316
0.00981088,2.17218e-05,0.00981088
0.00337327,2.25373e-05,0.00337327
0.011348,2.42611e-05,0.011348
0.0115828,2.15799e-05,0.0115828
0.00694719,1.68944e-05,0.00694719
0.00511564,9.24919e-06,0.00511564
0.00677027,9.4391e-06,0.00677027
0.000567972,1.00668e-05,0.000567972
-0.00269675,1.00291e-05,-0.00269675
-0.010873,1.01774e-05,-0.010873
-0.0111587,1.06564e-05,-0.0111587
-0.015088,9.13754e-06,-0.015088
-0.00574146,8.72728e-06,-0.00574146
-0.0071539,8.4491e-06,-0.0071539
-0.0011806,1.22393e-05,-0.0011806
-0.00908582,1.61709e-05,-0.00908582
-0.00782513,1.9262e-05,-0.00782513
-0.0103599,1.74767e-05,-0.0103599
-0.00595872,1.63956e-05,-0.00595872
-0.0090666,9.59372e-06,-0.0090666
-0.0123462,5.68565e-06,-0.0123462
-0.0115033,3.36996e-06,-0.0115033
-0.0126088,3.60761e-06,-0.0126088
-0.0142489,3.22002e-06,-0.0142489
-0.00827181,3.25821e-06,-0.00827181
-0.0113493,3.17051e-06,-0.0113493
-0.00858369,3.21194e-06,-0.00858369
-0.00261573,3.3765e-06,-0.00261573
-0.00400458,3.66622e-06,-0.00400458
-0.00435536,3.57688e-06,-0.00435536
-0.00627928,3.6768e-06,-0.00627928
0.00383147,3.34408e-06,0.00383147
-0.018688,3.11807e-06,-0.018688
0.00681127,2.55224e-06,0.00681127
0.00716863,3.0939e-06,0.00716863
0.00325934,3.3818e-06,0.00325934
-0.00423614,5.35799e-06,-0.00423614
0.00503837,8.6678e-06,0.00503837
-0.00682214,9.74776e-06,-0.00682214
0.000323786,9.92753e-06,0.000323786
-0.00761871,1.05583e-05,-0.00761871
0.0126934,1.01156e-05,0.0126934
0.0157097,9.97324e-06,0.0157097
0.0109285,9.48632e-06,0.0109285
0.0019271,1.26778e-05,0.0019271
0.0114788,1.16977e-05,0.0114788
0.00104028,1.1094e-05,0.00104028
0.0057402,1.04242e-05,0.0057402
0.00580782,9.09597e-06,0.00580782
0.0467676,7.85423e-06,0.0467676
0.0628433,5.93903e-06,0.0628433
0.0398075,3.43783e-06,0.0398075
0.0503599,2.7701e-06,0.0503599
0.0424304,1.7152e-06,0.0424304
0.0200811,9.34941e-07,0.0200811
0.0209441,4.78322e-07,0.0209441
0.0102802,3.14277e-07,0.0102802
0.00940506,3.74021e-07,0.00940506
0.00984591,2.72556e-07,0.00984591
0.00425435,9.27148e-07,0.00425435
0.00247464,1.06351e-06,0.00247464
0.00792719,1.04606e-06,0.00792719
-0.00726057,1.02153e-06,-0.00726057
-0.00318837,8.74684e-07,-0.00318837
-0.00091859,1.25741e-06,-0.00091859
0.0093376,1.22647e-06,0.0093376
0.0148947,1.37644e-06,0.0148947
-0.00102315,1.64485e-06,-0.00102315
0.00134376,2.50173e-06,0.00134376
0.00273687,5.01557e-06,0.00273687
0.0155877,8.04103e-06,0.0155877
0.00208987,1.13561e-05,0.00208987
-0.000334007,1.16081e-05,-0.000334007
0.00378531,1.25564e-05,0.00378531
-0.000749239,1.29809e-05,-0.000749239
7.78423e-05,2.74221e-05,7.78423e-05
-0.00728646,3.20485e-05,-0.00728646
-0.00376622,3.86752e-05,-0.00376622
0.0314122,4.84369e-05,0.0314122
0.0253466,5.41531e-05,0.0253466
6021.82,5.36608e-05,6021.82
47963.1,2.96035e-05,47963.1
0.018497,4.353e-05,0.018497
0.0248975,5.03642e-05,0.0248975
0.025575,5.40504e-05,0.025575
0.0169596,5.78425e-05,0.0169596
0.0123851,4.86526e-05,0.0123851
0.0266135,4.54014e-05,0.0266135
0.0112988,4.21223e-05,0.0112988
0.0060107,4.46435e-05,0.0060107
0.00379748,4.19197e-05,0.00379748
0.00126405,3.89785e-05,0.00126405
-0.000774438,3.4483e-05,-0.000774438
0.00411804,4.23602e-05,0.00411804
-0.00234947,6.18468e-05,-0.00234947
-0.0101437,6.15122e-05,-0.0101437
0.000635865,6.88697e-05,0.000635865
-4.38255e-05,7.66568e-05,-4.38255e-05
0.00586948,7.74382e-05,0.00586948
0.00504616,7.55579e-05,0.00504616
0.0102754,7.78058e-05,0.0102754
-0.00396858,8.59871e-05,-0.00396858
-0.00106315,8.4835e-05,-0.00106315
0.00829326,8.29697e-05,0.00829326
0.0106331,8.41508e-05,0.0106331
0.0125678,7.18426e-05,0.0125678
0.0152386,6.31661e-05,0.0152386
0.0137553,5.28584e-05,0.0137553
0.0152489,5.03813e-05,0.0152489
0.0170186,4.64632e-05,0.0170186
0.0220207,4.6021e-05,0.0220207
0.0134023,4.41413e-05,0.0134023
-0.000868782,3.75866e-05,-0.000868782
-0.00864453,3.3618e-05,-0.00864453
-0.00477573,2.44015e-05,-0.00477573
0.000990796,2.40487e-05,0.000990796
-0.00591922,2.5094e-05,-0.00591922
0.00382432,2.58412e-05,0.00382432
0.0197576,2.56811e-05,0.0197576
0.02247,2.56943e-05,0.02247
0.00457331,2.8532e-05,0.00457331
0.0241743,3.2002e-05,0.0241743
0.01846,3.18644e-05,0.01846
0.0149504,3.26993e-05,0.0149504
0.00617782,2.57142e-05,0.00617782
0.00651164,2.4614e-05,0.00651164
0.0184501,3.82591e-05,0.0184501
-0.00770351,3.89177e-05,-0.00770351
-0.0121815,4.23439e-05,-0.0121815
-0.00136905,4.37129e-05,-0.00136905
-0.00692618,4.78027e-05,-0.00692618
-0.003304,4.85389e-05,-0.003304
-0.00550023,5.19081e-05,-0.00550023
-0.00866081,4.88514e-05,-0.00866081
-0.0119071,4.36725e-05,-0.0119071
-0.0135289,5.53473e-05,-0.0135289
-0.00746993,6.2602e-05,-0.00746993
0.00507659,7.35461e-05,0.00507659
0.000716898,7.68135e-05,0.000716898
0.00234259,7.28994e-05,0.00234259
0.00056899,6.94476e-05,0.00056899
-0.00463241,6.44785e-05,-0.00463241
0.00584297,6.25474e-05,0.00584297
-0.00441907,6.37125e-05,-0.00441907
0.000445552,7.2343e-05,0.000445552
0.00121999,7.68432e-05,0.00121999
-0.0164001,6.92723e-05,-0.0164001
-0.0070207,6.76507e-05,-0.0070207
-0.017684,6.57119e-05,-0.017684
-0.00802842,6.80238e-05,-0.00802842
-0.000942661,6.2156e-05,-0.000942661
-0.00687175,5.74388e-05,-0.00687175
-0.00689604,5.88828e-05,-0.00689604
-0.000757487,5.36931e-05,-0.000757487
-0.00592438,5.33414e-05,-0.00592438
-0.00563781,3.59934e-05,-0.00563781
-0.00131875,4.42227e-05,-0.00131875
-0.00179735,5.60615e-05,-0.00179735
-0.00961359,7.06278e-05,-0.00961359
-0.00835796,8.23618e-05,-0.00835796
-0.0101687,8.79745e-05,-0.0101687
-0.0136068,0.000100473,-0.0136068
-0.0043895,0.000116802,-0.0043895
-0.00110946,0.000125601,-0.00110946
0.000568222,0.00015581,0.000568222
0.00561132,0.000172492,0.00561132
0.00847723,0.000200798,0.00847723
0.00511366,0.000248359,0.00511366
0.0025535,0.00029904,0.0025535
0.00119664,0.000305979,0.00119664
0.00818107,0.000351724,0.00818107
0.00904862,0.000356317,0.00904862
-0.0074832,0.000424341,-0.0074832
-0.0079933,0.000433163,-0.0079933
-4.18765e-06,0.000434439,-4.18765e-06
-0.00298519,0.00034725,-0.00298519
-0.00899862,0.000315358,-0.00899862
-0.00231473,0.000231757,-0.00231473
-6.87688e-05,0.000221903,-6.87688e-05
-0.000550977,0.000214084,-0.000550977
-0.00116085,0.000193275,-0.00116085
-0.000516568,0.000181163,-0.000516568
-0.00440603,0.000174928,-0.00440603
-0.00344561,0.000115986,-0.00344561
-0.0171827,9.03367e-05,-0.0171827
-0.0259141,8.8799e-05,-0.0259141
0.136258,0.000100886,0.136258
-30223.3,7.40791e-05,-30223.3
48628.9,7.1588e-05,48628.9
0.0057253,1.65739e-06,0.0057253
0.0107696,2.06295e-06,0.0107696
0.00060593,2.6183e-06,0.00060593
0.00281825,2.75934e-06,0.00281825
0.00153358,2.6305e-06,0.00153358
0.00269519,2.60872e-06,0.00269519
0.00418904,2.61323e-06,0.00418904
-0.000731042,2.59483e-06,-0.000731042
-0.000970571,2.59184e-06,-0.000970571
-0.00465831,2.44883e-06,-0.00465831
-0.00244395,2.34577e-06,-0.00244395
-0.001521,2.05332e-06,-0.001521
-0.0146904,1.48618e-06,-0.0146904
-0.020867,1.73543e-06,-0.020867
-0.0160934,2.01279e-06,-0.0160934
-0.0211683,2.12289e-06,-0.0211683
-0.0363938,2.85386e-06,-0.0363938
-0.021054,3.64679e-06,-0.021054
-0.0326559,3.9463e-06,-0.0326559
-0.0358409,3.75227e-06,-0.0358409
-0.0289103,3.83638e-06,-0.0289103
-0.0182629,5.27024e-06,-0.0182629
-0.00330544,7.24706e-06,-0.00330544
-0.00487723,8.65931e-06,-0.00487723
-0.0152785,9.83657e-06,-0.0152785
-0.0274924,1.13887e-05,-0.0274924
-0.0229046,9.95023e-06,-0.0229046
-0.0110671,1.19498e-05,-0.0110671
-0.0120713,1.34942e-05,-0.0120713
-0.00416518,1.30366e-05,-0.00416518
-0.00739677,1.46306e-05,-0.00739677
-0.00746057,1.47215e-05,-0.00746057
-0.0121509,1.64185e-05,-0.0121509
-0.00648855,1.93477e-05,-0.00648855
-0.0109805,2.0854e-05,-0.0109805
-0.0158745,2.16052e-05,-0.0158745
-0.00554998,1.97662e-05,-0.00554998
0.0071422,1.77437e-05,0.0071422
-0.0100235,1.63233e-05,-0.0100235
-0.0122396,1.32266e-05,-0.0122396
-0.00710379,1.29102e-05,-0.00710379
0.000448166,1.21241e-05,0.000448166
-0.0129706,1.05429e-05,-0.0129706
-0.0127046,8.80668e-06,-0.0127046
0.00923737,8.76718e-06,0.00923737
0.0072905,7.59303e-06,0.0072905
0.00943003,7.89674e-06,0.00943003
0.00367717,7.84551e-06,0.00367717
0.0118743,7.61262e-06,0.0118743
0.0129964,7.64788e-06,0.0129964
0.0131335,8.54399e-06,0.0131335
0.0250948,1.05354e-05,0.0250948
0.0163577,1.09943e-05,0.0163577
0.0266287,1.09887e-05,0.0266287
0.0299389,1.15732e-05,0.0299389
-0.0011692,1.199e-05,-0.0011692
0.0275114,1.12813e-05,0.0275114
0.0133766,1.04522e-05,0.0133766
0.0162383,1.12175e-05,0.0162383
0.011854,1.07473e-05,0.011854
0.0106372,6.43219e-06,0.0106372
0.00611577,4.80561e-06,0.00611577
0.00373041,4.42743e-06,0.00373041
0.00351334,4.59904e-06,0.00351334
0.0126644,4.69309e-06,0.0126644
0.0192338,5.16124e-06,0.0192338
0.0135673,5.82792e-06,0.0135673
0.0246139,5.62674e-06,0.0246139
0.0208261,5.18389e-06,0.0208261
0.0445674,5.48781e-06,0.0445674
0.0357677,5.26866e-06,0.0357677
0.0149389,8.74999e-06,0.0149389
0.0372312,9.96748e-06,0.0372312
0.00765008,1.01256e-05,0.00765008
0.0310604,7.41638e-06,0.0310604
0.0116474,8.48576e-06,0.0116474
0.00882522,9.63758e-06,0.00882522
0.000239657,1.06031e-05,0.000239657
0.0043745,1.24032e-05,0.0043745
-0.00972424,1.26271e-05,-0.00972424
-0.0189648,1.28242e-05,-0.0189648
-0.0176909,1.52506e-05,-0.0176909
-0.0111917,1.50443e-05,-0.0111917
-0.0232447,1.55995e-05,-0.0232447
-0.0147957,1.66146e-05,-0.0147957
-0.00705106,2.42495e-05,-0.00705106
-0.016032,2.13091e-05,-0.016032
-0.000855044,1.95082e-05,-0.000855044
-0.000457536,1.7737e-05,-0.000457536
-0.010126,1.6351e-05,-0.010126
-0.0126713,1.74068e-05,-0.0126713
-0.0157726,1.8776e-05,-0.0157726
-0.00884134,1.98917e-05,-0.00884134
-0.00697287,1.95302e-05,-0.00697287
0.00131211,1.87189e-05,0.00131211
-0.00378762,1.59299e-05,-0.00378762
-0.00685207,1.39836e-05,-0.00685207
-0.000634323,1.39941e-05,-0.000634323
0.0327706,1.04535e-05,0.0327706
0.0242746,1.09179e-05,0.0242746
0.0387824,9.93415e-06,0.0387824
0.0330094,8.17792e-06,0.0330094
0.0542917,7.03232e-06,0.0542917
